treatment,placement,condition,pattern,ws_bytes,stores,iters,warmup,repeat,core,numa_bind,n_access,base_cyc,base_ns,base_l1,base_l2,base_ll,base_mem,base_stall,base_enabled,base_running,base_cs,base_mig,base_pf,base_gate,treat_cyc,treat_ns,treat_gate
ldadd,acquire,miss,random,536870912,1,1000000,0,0,0,0,1000000,60063183,18690304,1000980,998535,1001033,3000444,55556797,18675744,18675744,0,0,0,PASS,51565915,16036736,PASS
ldadd,acquire,miss,random,536870912,1,1000000,0,1,0,0,1000000,49529355,15399872,1001450,998373,998612,3000338,44406493,50091616,50091616,0,0,0,PASS,48756956,15173184,PASS
ldadd,acquire,miss,random,536870912,1,1000000,0,2,0,0,1000000,47775567,14865312,1001411,998346,998583,3000331,42501238,80110976,80110976,0,0,0,PASS,47005691,14615680,PASS
ldadd,acquire,miss,random,536870912,1,1000000,0,3,0,0,1000000,46774232,14541440,1001395,998327,998570,3000312,41407534,109249216,109249216,0,0,0,PASS,46659047,14507488,PASS
ldadd,acquire,miss,random,536870912,1,1000000,0,4,0,0,1000000,46477783,14450336,1001390,998314,998566,3000308,41128382,138187872,138187872,0,0,0,PASS,46026327,14315776,PASS
ldadd,acquire,miss,random,536870912,1,1000000,0,5,0,0,1000000,45835917,14248032,1001449,998269,998524,3000309,40430547,166732512,166732512,0,0,0,PASS,45429279,14131744,PASS
ldadd,acquire,miss,random,536870912,1,1000000,0,6,0,0,1000000,45298048,14078592,1001375,998290,998579,3000312,39839406,194923328,194923328,0,0,0,PASS,45132966,14030720,PASS
ldadd,acquire,miss,random,536870912,1,1000000,0,7,0,0,1000000,45149858,14036128,1001418,998329,998628,3000310,39700250,222971424,222971424,0,0,0,PASS,44858546,13945632,PASS
ldadd,acquire,miss,random,536870912,1,1000000,0,8,0,0,1000000,44020106,13685088,1001394,998311,998584,3000311,38493493,250582048,250582048,0,0,0,PASS,43635053,13563296,PASS
ldadd,acquire,miss,random,536870912,1,1000000,0,9,0,0,1000000,43543977,13542592,1001365,998300,998604,3000311,37978892,277669120,277669120,0,0,0,PASS,42701089,13274176,PASS
ldadd,acquire,miss,random,536870912,2,1000000,0,0,0,0,2000000,113402881,35273088,2001313,1997058,1998497,6000917,105632855,35255424,35255424,0,0,0,PASS,104632833,32548160,PASS
ldadd,acquire,miss,random,536870912,2,1000000,0,1,0,0,2000000,101789141,31644928,2002164,1996697,1997103,6000799,93852888,99422432,99422432,0,0,0,PASS,101269449,31473056,PASS
ldadd,acquire,miss,random,536870912,2,1000000,0,2,0,0,2000000,100406923,31198592,2002241,1996688,1997072,6000801,92429712,162070752,162070752,0,0,0,PASS,100014085,31081952,PASS
ldadd,acquire,miss,random,536870912,2,1000000,0,3,0,0,2000000,99486243,30913024,2002269,1996675,1997082,6000817,91480109,224041984,224041984,0,0,0,PASS,99049213,30778880,PASS
ldadd,acquire,miss,random,536870912,2,1000000,0,4,0,0,2000000,98257948,30539136,2002326,1996646,1997050,6000778,90209025,285338112,285338112,0,0,0,PASS,97678871,30350144,PASS
ldadd,acquire,miss,random,536870912,2,1000000,0,5,0,0,2000000,97325246,30239552,2002240,1996585,1996977,6000778,89249724,345906112,345906112,0,0,0,PASS,97197061,30208000,PASS
ldadd,acquire,miss,random,536870912,2,1000000,0,6,0,0,2000000,97288239,30233856,2002314,1996674,1997068,6000782,89205303,406324640,406324640,0,0,0,PASS,97215368,30207200,PASS
ldadd,acquire,miss,random,536870912,2,1000000,0,7,0,0,2000000,97284212,30228096,2002208,1996597,1996981,6000799,89207056,466738080,466738080,0,0,0,PASS,97171558,30197152,PASS
ldadd,acquire,miss,random,536870912,2,1000000,0,8,0,0,2000000,97166844,30191232,2002271,1996632,1997025,6000791,89086585,527103872,527103872,0,0,0,PASS,97160213,30186496,PASS
ldadd,acquire,miss,random,536870912,2,1000000,0,9,0,0,2000000,97225355,30220000,2002227,1996578,1996967,6000810,89148646,587487680,587487680,0,0,0,PASS,97164886,30195136,PASS
ldadd,acquire,miss,random,536870912,4,1000000,0,0,0,0,4000000,225621192,70169088,4002701,3993655,3996918,12622855,210700954,70116384,70116384,0,0,0,PASS,243437728,75651744,PASS
ldadd,acquire,miss,random,536870912,4,1000000,0,1,0,0,4000000,223775913,69517280,4002800,3993216,3994176,12636001,208814563,215236832,215236832,0,0,0,PASS,243257637,75564320,PASS
ldadd,acquire,miss,random,536870912,4,1000000,0,2,0,0,4000000,223687908,69512480,4002840,3993115,3994040,12635869,208732695,360272384,360272384,0,0,0,PASS,243086392,75545536,PASS
ldadd,acquire,miss,random,536870912,4,1000000,0,3,0,0,4000000,223746972,69545856,4002877,3993105,3993973,12641672,208784901,505270144,505270144,0,0,0,PASS,243341106,75585280,PASS
ldadd,acquire,miss,random,536870912,4,1000000,0,4,0,0,4000000,223744661,69493536,4002734,3993212,3994177,12628405,208801526,650318368,650318368,0,0,0,PASS,243248998,75580320,PASS
ldadd,acquire,miss,random,536870912,4,1000000,0,5,0,0,4000000,224100197,69648064,4002763,3993377,3994315,12640436,209102499,795517056,795517056,0,0,0,PASS,243089375,75532480,PASS
ldadd,acquire,miss,random,536870912,4,1000000,0,6,0,0,4000000,223879174,69568160,4002779,3993231,3994143,12639979,208886148,940568448,940568448,0,0,0,PASS,243650523,75691424,PASS
ldadd,acquire,miss,random,536870912,4,1000000,0,7,0,0,4000000,223689734,69522400,4002860,3993216,3994161,12640729,208693993,1085717728,1085717728,0,0,0,PASS,243179051,75545152,PASS
ldadd,acquire,miss,random,536870912,4,1000000,0,8,0,0,4000000,223679457,69504000,4002875,3993139,3994040,12640123,208678909,1230735008,1230735008,0,0,0,PASS,243121283,75510432,PASS
ldadd,acquire,miss,random,536870912,4,1000000,0,9,0,0,4000000,223773174,69499840,4002778,3993058,3993991,12634537,208784757,1375715328,1375715328,0,0,0,PASS,243106532,75510304,PASS
ldadd,acquire,miss,random,536870912,8,1000000,0,0,0,0,8000000,450879513,140078336,8004230,7986613,7989289,24821713,423037873,140060032,140060032,0,0,0,PASS,489276357,151954816,PASS
ldadd,acquire,miss,random,536870912,8,1000000,0,1,0,0,8000000,450858538,140051616,8004192,7986150,7987816,24831503,422997878,432012416,432012416,0,0,0,PASS,489216382,151980832,PASS
ldadd,acquire,miss,random,536870912,8,1000000,0,2,0,0,8000000,450784397,140075488,8004122,7986269,7987990,24839483,422911002,723962464,723962464,0,0,0,PASS,489208349,151918688,PASS
ldadd,acquire,miss,random,536870912,8,1000000,0,3,0,0,8000000,450770436,140089440,8004357,7986326,7987999,24832253,422907437,1015870880,1015870880,0,0,0,PASS,489243763,151946240,PASS
ldadd,acquire,miss,random,536870912,8,1000000,0,4,0,0,8000000,450601958,139962976,8004381,7986361,7988015,24834753,422728518,1307709952,1307709952,0,0,0,PASS,488961962,151905856,PASS
ldadd,acquire,miss,random,536870912,8,1000000,0,5,0,0,8000000,450482897,139962944,8004240,7986242,7988006,24836523,422611397,1599464288,1599464288,0,0,0,PASS,489013310,151857344,PASS
ldadd,acquire,miss,random,536870912,8,1000000,0,6,0,0,8000000,450506912,139919456,8004244,7986160,7987825,24837095,422635871,1891208096,1891208096,0,0,0,PASS,488825638,151843232,PASS
ldadd,acquire,miss,random,536870912,8,1000000,0,7,0,0,8000000,450652369,139976640,8004357,7986180,7987829,24836937,422779038,2182993184,2182993184,0,0,0,PASS,488858819,151846848,PASS
ldadd,acquire,miss,random,536870912,8,1000000,0,8,0,0,8000000,450564202,139926112,8004224,7986066,7987783,24837489,422725053,2474731936,2474731936,0,0,0,PASS,489016492,151934176,PASS
ldadd,acquire,miss,random,536870912,8,1000000,0,9,0,0,8000000,450506504,139956544,8004185,7986259,7987918,24843396,422669237,2766511200,2766511200,0,0,0,PASS,488923841,151849920,PASS
ldadd,acquire,miss,random,536870912,16,1000000,0,0,0,0,16000000,901466935,279981824,16012441,15973869,15981468,48008812,848301774,279961824,279961824,0,0,0,PASS,901115188,279851360,PASS
ldadd,acquire,miss,random,536870912,16,1000000,0,1,0,0,16000000,901299664,279961600,16012206,15972823,15976721,48008833,848138556,839675200,839675200,0,0,0,PASS,901256180,279959200,PASS
ldadd,acquire,miss,random,536870912,16,1000000,0,2,0,0,16000000,901404300,280030144,16012170,15972574,15976448,48008789,848249035,1399528256,1399528256,0,0,0,PASS,901114168,279894208,PASS
ldadd,acquire,miss,random,536870912,16,1000000,0,3,0,0,16000000,901354123,279911488,16012349,15972913,15976870,48008746,848183088,1959242848,1959242848,0,0,0,PASS,901419698,280025504,PASS
ldadd,acquire,miss,random,536870912,16,1000000,0,4,0,0,16000000,901448951,279974176,16012401,15972869,15976853,48008782,848287899,2519090720,2519090720,0,0,0,PASS,901226186,279896160,PASS
ldadd,acquire,miss,random,536870912,16,1000000,0,5,0,0,16000000,901267978,279863104,16012695,15972822,15976879,48008730,848106968,3078777792,3078777792,0,0,0,PASS,900897435,279801600,PASS
ldadd,acquire,miss,random,536870912,16,1000000,0,6,0,0,16000000,901195606,279886240,16012466,15973592,15977615,48008790,848032566,3638381184,3638381184,0,0,0,PASS,901107819,279861184,PASS
ldadd,acquire,miss,random,536870912,16,1000000,0,7,0,0,16000000,901225635,280010016,16012557,15972934,15976850,48008793,848063226,4198112064,4198112064,0,0,0,PASS,900896446,279812576,PASS
ldadd,acquire,miss,random,536870912,16,1000000,0,8,0,0,16000000,901337345,279957312,16012309,15972692,15976703,48008796,848178102,4757772288,4757772288,0,0,0,PASS,901806044,280135232,PASS
ldadd,acquire,miss,random,536870912,16,1000000,0,9,0,0,16000000,901607488,280025568,16012355,15973416,15977446,48008785,848442165,5317885632,5317885632,0,0,0,PASS,901161877,279897760,PASS
ldadd,acquire,miss,random,536870912,32,1000000,0,0,0,0,32000000,1803485468,560266592,32018822,31945057,31955728,97130855,1697674831,560153600,560153600,0,0,0,PASS,1962471810,609568608,PASS
ldadd,acquire,miss,random,536870912,32,1000000,0,1,0,0,32000000,1803027061,559948320,32019035,31944121,31951791,97111937,1697282241,1729521120,1729521120,0,0,0,PASS,1962615867,609661792,PASS
ldadd,acquire,miss,random,536870912,32,1000000,0,2,0,0,32000000,1802907122,560081344,32018832,31943887,31951640,97114085,1697152382,2899024576,2899024576,0,0,0,PASS,1962185826,609432352,PASS
ldadd,acquire,miss,random,536870912,32,1000000,0,3,0,0,32000000,1802819655,560022464,32018810,31943907,31951544,97113573,1697090481,4068363648,4068363648,0,0,0,PASS,1962003979,609454048,PASS
ldadd,acquire,miss,random,536870912,32,1000000,0,4,0,0,32000000,1802943828,560065440,32018768,31944486,31952408,97129202,1697146681,5237724064,5237724064,0,0,0,PASS,1962432219,609552288,PASS
ldadd,acquire,miss,random,536870912,32,1000000,0,5,0,0,32000000,1803065427,560204352,32018937,31943993,31951714,97123237,1697272328,6407224064,6407224064,0,0,0,PASS,1962139036,609482240,PASS
ldadd,acquire,miss,random,536870912,32,1000000,0,6,0,0,32000000,1802655775,559945280,32018895,31944148,31951743,97119325,1696886443,7576519136,7576519136,0,0,0,PASS,1961719555,609295520,PASS
ldadd,acquire,miss,random,536870912,32,1000000,0,7,0,0,32000000,1802888274,560029632,32018852,31944141,31951864,97124661,1697097360,8745688416,8745688416,0,0,0,PASS,1962038355,609425920,PASS
ldadd,acquire,miss,random,536870912,32,1000000,0,8,0,0,32000000,1802762239,559929536,32018972,31944376,31952110,97123578,1696955798,9914917888,9914917888,0,0,0,PASS,1961805005,609458400,PASS
ldadd,acquire,miss,random,536870912,32,1000000,0,9,0,0,32000000,1803217997,560183040,32019118,31944029,31951675,97120822,1697439539,11084367968,11084367968,0,0,0,PASS,1961853561,609322304,PASS
ldadd,acquire,miss,random,536870912,64,1000000,0,0,0,0,64000000,3605462808,1120006208,64036632,63889825,63907701,192035982,3399170064,1119757408,1119757408,0,0,0,PASS,3604735470,1119488064,PASS
ldadd,acquire,miss,random,536870912,64,1000000,0,1,0,0,64000000,3605356012,1119709600,64037127,63889261,63903868,192035993,3399151812,3358691968,3358691968,0,0,0,PASS,3605071968,1119663872,PASS
ldadd,acquire,miss,random,536870912,64,1000000,0,2,0,0,64000000,3605538783,1119923360,64036755,63889637,63904238,192035980,3399366501,5597947040,5597947040,0,0,0,PASS,3604801017,1119601696,PASS
ldadd,acquire,miss,random,536870912,64,1000000,0,3,0,0,64000000,3605484489,1119681792,64037027,63888610,63903442,192035972,3399316739,7836946144,7836946144,0,0,0,PASS,3604550371,1119500416,PASS
ldadd,acquire,miss,random,536870912,64,1000000,0,4,0,0,64000000,3605796545,1119793248,64036824,63889448,63903927,192035975,3399627943,10075986752,10075986752,0,0,0,PASS,3605265007,1119777568,PASS
ldadd,acquire,miss,random,536870912,64,1000000,0,5,0,0,64000000,3605294488,1119612576,64036890,63888979,63903553,192036144,3399167889,12315026144,12315026144,0,0,0,PASS,3605091653,1119546144,PASS
ldadd,acquire,miss,random,536870912,64,1000000,0,6,0,0,64000000,3606123541,1119882624,64036775,63888998,63903511,192036171,3399944052,14554210784,14554210784,0,0,0,PASS,3605333025,1119726496,PASS
ldadd,acquire,miss,random,536870912,64,1000000,0,7,0,0,64000000,3605383891,1119698272,64036870,63889788,63904261,192035867,3399225824,16793267936,16793267936,0,0,0,PASS,3605038695,1119514720,PASS
ldadd,acquire,miss,random,536870912,64,1000000,0,8,0,0,64000000,3605807098,1119847968,64037234,63889533,63904234,192035947,3399676592,19032382080,19032382080,0,0,0,PASS,3605343117,1119660736,PASS
ldadd,acquire,miss,random,536870912,64,1000000,0,9,0,0,64000000,3605692935,1119923904,64036892,63889802,63904160,192035962,3399484028,21271603616,21271603616,0,0,0,PASS,3605221851,1119472416,PASS
ldadd,acquire,hit,random,2048,1,1000000,200000,0,0,0,1000000,14839199,4663584,68,19,35,3000156,356,4640320,4640320,0,0,0,PASS,14713326,4591392,PASS
ldadd,acquire,hit,random,2048,1,1000000,200000,1,0,0,1000000,14836533,4618560,23,1,1,3000156,0,13832544,13832544,0,0,0,PASS,14712401,4577664,PASS
ldadd,acquire,hit,random,2048,1,1000000,200000,2,0,0,1000000,14838508,4614464,12,0,0,3000134,0,23010688,23010688,0,0,0,PASS,14715366,4576640,PASS
ldadd,acquire,hit,random,2048,1,1000000,200000,3,0,0,1000000,14840231,4614816,17,2,6,3000135,0,32188128,32188128,0,0,0,PASS,14714558,4576096,PASS
ldadd,acquire,hit,random,2048,1,1000000,200000,4,0,0,1000000,14841727,4615488,16,0,9,3000154,0,41365760,41365760,0,0,0,PASS,14717260,4575040,PASS
ldadd,acquire,hit,random,2048,1,1000000,200000,5,0,0,1000000,14839042,4614272,15,0,2,3000137,0,50540896,50540896,0,0,0,PASS,14714655,4584640,PASS
ldadd,acquire,hit,random,2048,1,1000000,200000,6,0,0,1000000,14836980,4613216,13,0,0,3000114,0,59724672,59724672,0,0,0,PASS,14714823,4576096,PASS
ldadd,acquire,hit,random,2048,1,1000000,200000,7,0,0,1000000,14844841,4615552,13,0,0,3000093,0,68902432,68902432,0,0,0,PASS,14712966,4589024,PASS
ldadd,acquire,hit,random,2048,1,1000000,200000,8,0,0,1000000,14842059,4613696,17,0,0,3000093,0,78086400,78086400,0,0,0,PASS,14714211,4576384,PASS
ldadd,acquire,hit,random,2048,1,1000000,200000,9,0,0,1000000,14839232,4615488,15,0,0,3000134,0,87264320,87264320,0,0,0,PASS,14716933,4574048,PASS
ldadd,acquire,hit,random,2048,2,1000000,200000,0,0,0,2000000,28957567,9024768,60,35,50,6000317,811,9007584,9007584,0,0,0,PASS,28694331,8922912,PASS
ldadd,acquire,hit,random,2048,2,1000000,200000,1,0,0,2000000,28955710,8994496,22,0,0,6000294,0,26909888,26909888,0,0,0,PASS,28693637,8913696,PASS
ldadd,acquire,hit,random,2048,2,1000000,200000,2,0,0,2000000,28956014,8993248,15,0,0,6000340,0,44802592,44802592,0,0,0,PASS,28695590,8921984,PASS
ldadd,acquire,hit,random,2048,2,1000000,200000,3,0,0,2000000,28955393,8991680,16,0,1,6000342,0,62701920,62701920,0,0,0,PASS,28694562,8912192,PASS
ldadd,acquire,hit,random,2048,2,1000000,200000,4,0,0,2000000,28956439,8991008,11,0,1,6000292,0,80591264,80591264,0,0,0,PASS,28694531,8911360,PASS
ldadd,acquire,hit,random,2048,2,1000000,200000,5,0,0,2000000,28956959,8996800,16,0,2,6000415,0,98485344,98485344,0,0,0,PASS,28694509,8910528,PASS
ldadd,acquire,hit,random,2048,2,1000000,200000,6,0,0,2000000,28955696,9032480,37,0,1,6000341,0,116377888,116377888,0,0,0,PASS,28693500,8909440,PASS
ldadd,acquire,hit,random,2048,2,1000000,200000,7,0,0,2000000,28956759,8993056,17,3,3,6000417,0,134266240,134266240,0,0,0,PASS,28693350,8910208,PASS
ldadd,acquire,hit,random,2048,2,1000000,200000,8,0,0,2000000,28956024,8991456,13,0,0,6000293,0,152153888,152153888,0,0,0,PASS,28693930,8909888,PASS
ldadd,acquire,hit,random,2048,2,1000000,200000,9,0,0,2000000,28956034,8992032,15,0,0,6000291,0,170041920,170041920,0,0,0,PASS,28694677,8939200,PASS
ldadd,acquire,hit,random,2048,4,1000000,200000,0,0,0,4000000,57264648,17792320,54,23,52,12000621,734,17782656,17782656,0,0,0,PASS,56596137,17569248,PASS
ldadd,acquire,hit,random,2048,4,1000000,200000,1,0,0,4000000,57263338,17781888,29,1,5,12000830,136,53117184,53117184,0,0,0,PASS,56595712,17562176,PASS
ldadd,acquire,hit,random,2048,4,1000000,200000,2,0,0,4000000,57262544,17767872,26,0,2,12000699,0,88432768,88432768,0,0,0,PASS,56596294,17565024,PASS
ldadd,acquire,hit,random,2048,4,1000000,200000,3,0,0,4000000,57261444,17768256,21,2,31,12000694,0,123751584,123751584,0,0,0,PASS,56596313,17562816,PASS
ldadd,acquire,hit,random,2048,4,1000000,200000,4,0,0,4000000,57261922,17768992,19,0,0,12000666,0,159069024,159069024,0,0,0,PASS,56595449,17561152,PASS
ldadd,acquire,hit,random,2048,4,1000000,200000,5,0,0,4000000,57261298,17769280,34,0,0,12000610,0,194385184,194385184,0,0,0,PASS,56596999,17560288,PASS
ldadd,acquire,hit,random,2048,4,1000000,200000,6,0,0,4000000,57262341,17767200,16,0,2,12000579,0,229698624,229698624,0,0,0,PASS,56595753,17560288,PASS
ldadd,acquire,hit,random,2048,4,1000000,200000,7,0,0,4000000,57261177,17764480,21,0,2,12000609,0,265009312,265009312,0,0,0,PASS,56594581,17561344,PASS
ldadd,acquire,hit,random,2048,4,1000000,200000,8,0,0,4000000,57262458,17789088,37,0,3,12000776,0,300332096,300332096,0,0,0,PASS,56594444,17558912,PASS
ldadd,acquire,hit,random,2048,4,1000000,200000,9,0,0,4000000,57263191,17768608,24,0,0,12000669,0,335645472,335645472,0,0,0,PASS,56596247,17560192,PASS
ldadd,acquire,hit,random,2048,8,1000000,200000,0,0,0,8000000,113818045,35320160,45,19,37,24001361,463,35309088,35309088,0,0,0,PASS,112423261,34891808,PASS
ldadd,acquire,hit,random,2048,8,1000000,200000,1,0,0,8000000,113816675,35308800,28,1,5,24001361,102,105491968,105491968,0,0,0,PASS,112421417,34949120,PASS
ldadd,acquire,hit,random,2048,8,1000000,200000,2,0,0,8000000,113818829,35310336,19,2,3,24001549,0,175676736,175676736,0,0,0,PASS,112422758,34874656,PASS
ldadd,acquire,hit,random,2048,8,1000000,200000,3,0,0,8000000,113820676,35303872,22,0,1,24001272,0,245840576,245840576,0,0,0,PASS,112423882,34871744,PASS
ldadd,acquire,hit,random,2048,8,1000000,200000,4,0,0,8000000,113815736,35303040,24,0,1,24001301,0,316001280,316001280,0,0,0,PASS,112426816,34875712,PASS
ldadd,acquire,hit,random,2048,8,1000000,200000,5,0,0,8000000,113820708,35344352,49,0,1,24002617,0,386204672,386204672,0,0,0,PASS,112423830,34872288,PASS
ldadd,acquire,hit,random,2048,8,1000000,200000,6,0,0,8000000,113815445,35318080,38,2,11,24001383,0,456366304,456366304,0,0,0,PASS,112423081,34869984,PASS
ldadd,acquire,hit,random,2048,8,1000000,200000,7,0,0,8000000,113816227,35309920,26,3,3,24001686,0,526531328,526531328,0,0,0,PASS,112423003,34871104,PASS
ldadd,acquire,hit,random,2048,8,1000000,200000,8,0,0,8000000,113816262,35304768,27,0,2,24001362,0,596692928,596692928,0,0,0,PASS,112424079,34876992,PASS
ldadd,acquire,hit,random,2048,8,1000000,200000,9,0,0,8000000,113816945,35308608,18,2,2,24001483,0,666863840,666863840,0,0,0,PASS,112429159,35268864,PASS
ldadd,acquire,hit,random,2048,16,1000000,200000,0,0,0,16000000,226814515,70364576,50,23,49,48002955,702,70354016,70354016,0,0,0,PASS,223931883,69460736,PASS
ldadd,acquire,hit,random,2048,16,1000000,200000,1,0,0,16000000,226809861,70365088,39,1,1,48003000,0,210142592,210142592,0,0,0,PASS,223934092,69477888,PASS
ldadd,acquire,hit,random,2048,16,1000000,200000,2,0,0,16000000,226816017,70343616,39,0,2,48003380,0,349948160,349948160,0,0,0,PASS,223932064,69475872,PASS
ldadd,acquire,hit,random,2048,16,1000000,200000,3,0,0,16000000,226815184,70342144,39,0,9,48002922,0,489715296,489715296,0,0,0,PASS,223933061,69439552,PASS
ldadd,acquire,hit,random,2048,16,1000000,200000,4,0,0,16000000,226809212,70333952,21,0,0,48003149,0,629474688,629474688,0,0,0,PASS,223930006,69444480,PASS
ldadd,acquire,hit,random,2048,16,1000000,200000,5,0,0,16000000,226814398,70334880,18,1,1,48002920,0,769239520,769239520,0,0,0,PASS,223933257,69470880,PASS
ldadd,acquire,hit,random,2048,16,1000000,200000,6,0,0,16000000,226814016,70355520,50,0,6,48003072,0,909005216,909005216,0,0,0,PASS,223930048,69472800,PASS
ldadd,acquire,hit,random,2048,16,1000000,200000,7,0,0,16000000,226818136,70349408,42,1,3,48002941,0,1048785472,1048785472,0,0,0,PASS,223932300,69447520,PASS
ldadd,acquire,hit,random,2048,16,1000000,200000,8,0,0,16000000,226813797,70337440,24,0,0,48002773,0,1188555776,1188555776,0,0,0,PASS,223935503,69464416,PASS
ldadd,acquire,hit,random,2048,16,1000000,200000,9,0,0,16000000,226809772,70350528,42,0,4,48003045,0,1328329184,1328329184,0,0,0,PASS,223931393,69459040,PASS
ldadd,acquire,hit,random,2048,32,1000000,200000,0,0,0,32000000,452901568,140452800,83,29,59,96005706,745,140441952,140441952,0,0,0,PASS,447162352,138656608,PASS
ldadd,acquire,hit,random,2048,32,1000000,200000,1,0,0,32000000,452901163,140424640,29,0,1,96006188,0,419505952,419505952,0,0,0,PASS,447164021,138661696,PASS
ldadd,acquire,hit,random,2048,32,1000000,200000,2,0,0,32000000,452904017,140427040,29,1,6,96005854,0,698567744,698567744,0,0,0,PASS,447159873,138664224,PASS
ldadd,acquire,hit,random,2048,32,1000000,200000,3,0,0,32000000,452903101,140460576,59,3,4,96006145,0,977658912,977658912,0,0,0,PASS,447160539,138654912,PASS
ldadd,acquire,hit,random,2048,32,1000000,200000,4,0,0,32000000,452902719,140444192,51,0,3,96006342,0,1256732384,1256732384,0,0,0,PASS,447157763,138680320,PASS
ldadd,acquire,hit,random,2048,32,1000000,200000,5,0,0,32000000,452900247,140463008,45,0,4,96006324,0,1535836832,1535836832,0,0,0,PASS,447163027,138661952,PASS
ldadd,acquire,hit,random,2048,32,1000000,200000,6,0,0,32000000,452901110,140452864,47,6,10,96005860,0,1814923904,1814923904,0,0,0,PASS,447157659,138668320,PASS
ldadd,acquire,hit,random,2048,32,1000000,200000,7,0,0,32000000,452899438,140438336,47,0,3,96006012,0,2094002976,2094002976,0,0,0,PASS,447157510,138654688,PASS
ldadd,acquire,hit,random,2048,32,1000000,200000,8,0,0,32000000,452901311,140437088,43,2,4,96006534,0,2373080352,2373080352,0,0,0,PASS,447159632,138650080,PASS
ldadd,acquire,hit,random,2048,32,1000000,200000,9,0,0,32000000,452900051,140527072,52,5,13,96005917,0,2652150112,2652150112,0,0,0,PASS,447163749,138654528,PASS
ldadd,acquire,hit,random,2048,64,1000000,200000,0,0,0,64000000,905087690,280656224,86,20,50,192012041,556,280637856,280637856,0,0,0,PASS,893614394,277159552,PASS
ldadd,acquire,hit,random,2048,64,1000000,200000,1,0,0,64000000,905085484,280678944,55,4,66,192011983,126,838402208,838402208,0,0,0,PASS,893615525,277144608,PASS
ldadd,acquire,hit,random,2048,64,1000000,200000,2,0,0,64000000,905086151,280666400,48,1,7,192012135,0,1396163264,1396163264,0,0,0,PASS,893613176,277099968,PASS
ldadd,acquire,hit,random,2048,64,1000000,200000,3,0,0,64000000,905086923,280689920,46,1,5,192012743,0,1953936864,1953936864,0,0,0,PASS,893614747,277158176,PASS
ldadd,acquire,hit,random,2048,64,1000000,200000,4,0,0,64000000,905091833,280725376,85,0,2,192012172,0,2511742912,2511742912,0,0,0,PASS,893616146,277145728,PASS
ldadd,acquire,hit,random,2048,64,1000000,200000,5,0,0,64000000,905088831,280714144,89,1,1,192012008,0,3069551808,3069551808,0,0,0,PASS,893607422,277109120,PASS
ldadd,acquire,hit,random,2048,64,1000000,200000,6,0,0,64000000,905086437,280662944,81,2,2,192012401,0,3627308704,3627308704,0,0,0,PASS,893607324,277122208,PASS
ldadd,acquire,hit,random,2048,64,1000000,200000,7,0,0,64000000,905086610,280672320,94,0,1,192011959,0,4185069792,4185069792,0,0,0,PASS,893613398,277107776,PASS
ldadd,acquire,hit,random,2048,64,1000000,200000,8,0,0,64000000,905085783,280665024,86,1,3,192011942,1075,4742802880,4742802880,0,0,0,PASS,893613176,277128864,PASS
ldadd,acquire,hit,random,2048,64,1000000,200000,9,0,0,64000000,905086753,280663776,63,1,5,192012136,0,5300543648,5300543648,0,0,0,PASS,893612433,277113760,PASS
ldadd,release,miss,random,536870912,1,1000000,0,0,0,0,1000000,59829605,18624608,1001030,998611,1002072,3000450,55308324,18607040,18607040,0,0,0,PASS,45470198,14142432,PASS
ldadd,release,miss,random,536870912,1,1000000,0,1,0,0,1000000,40983792,12746528,1001292,998440,998634,3000283,35280365,45476832,45476832,0,0,0,PASS,40768433,12685280,PASS
ldadd,release,miss,random,536870912,1,1000000,0,2,0,0,1000000,40572572,12617056,1001304,998338,998527,3000288,34868212,70761568,70761568,0,0,0,PASS,40138788,12488064,PASS
ldadd,release,miss,random,536870912,1,1000000,0,3,0,0,1000000,39838538,12386080,1001311,998319,998499,3000267,34100292,95617120,95617120,0,0,0,PASS,39099477,12156224,PASS
ldadd,release,miss,random,536870912,1,1000000,0,4,0,0,1000000,38840806,12082976,1001295,998400,998570,3000265,33073566,119838848,119838848,0,0,0,PASS,38722833,12041408,PASS
ldadd,release,miss,random,536870912,1,1000000,0,5,0,0,1000000,38869943,12120192,1001307,998426,998602,3000267,33119293,143963968,143963968,0,0,0,PASS,38065750,11837536,PASS
ldadd,release,miss,random,536870912,1,1000000,0,6,0,0,1000000,37789966,11751808,1001279,998334,998499,3000266,32018012,167534752,167534752,0,0,0,PASS,37742516,11742368,PASS
ldadd,release,miss,random,536870912,1,1000000,0,7,0,0,1000000,37837040,11768640,1001243,998302,998475,3000266,32046238,191028352,191028352,0,0,0,PASS,37618131,11697568,PASS
ldadd,release,miss,random,536870912,1,1000000,0,8,0,0,1000000,37170167,11563264,1001271,998341,998512,3000263,31383968,214271104,214271104,0,0,0,PASS,36763007,11428640,PASS
ldadd,release,miss,random,536870912,1,1000000,0,9,0,0,1000000,36668558,11403552,1001248,998316,998487,3000262,30875866,237086080,237086080,0,0,0,PASS,36615291,11383616,PASS
ldadd,release,miss,random,536870912,2,1000000,0,0,0,0,2000000,113145852,35178016,2001310,1996895,2000043,6000918,105386560,35160000,35160000,0,0,0,PASS,102924257,32006624,PASS
ldadd,release,miss,random,536870912,2,1000000,0,1,0,0,2000000,99808832,31019808,2002245,1996613,1996968,6000810,91805705,98161280,98161280,0,0,0,PASS,99246870,30900288,PASS
ldadd,release,miss,random,536870912,2,1000000,0,2,0,0,2000000,99008530,30763424,2002254,1996645,1997103,6000815,90990847,159752288,159752288,0,0,0,PASS,98836757,30737472,PASS
ldadd,release,miss,random,536870912,2,1000000,0,3,0,0,2000000,98333457,30548608,2002226,1996673,1997064,6000787,90294680,221000864,221000864,0,0,0,PASS,98090741,30470528,PASS
ldadd,release,miss,random,536870912,2,1000000,0,4,0,0,2000000,97984989,30447296,2002223,1996680,1997039,6000801,89935820,281896352,281896352,0,0,0,PASS,97792795,30401984,PASS
ldadd,release,miss,random,536870912,2,1000000,0,5,0,0,2000000,97850969,30402272,2002253,1996721,1997062,6000781,89794891,342678112,342678112,0,0,0,PASS,97630065,30330112,PASS
ldadd,release,miss,random,536870912,2,1000000,0,6,0,0,2000000,97618753,30347296,2002311,1996738,1997103,6000818,89551343,403326656,403326656,0,0,0,PASS,97313730,30232192,PASS
ldadd,release,miss,random,536870912,2,1000000,0,7,0,0,2000000,97332905,30243584,2002287,1996630,1996976,6000781,89256810,463780352,463780352,0,0,0,PASS,97191209,30197408,PASS
ldadd,release,miss,random,536870912,2,1000000,0,8,0,0,2000000,96958949,30116448,2002198,1996618,1997006,6000782,88876942,524072224,524072224,0,0,0,PASS,96980470,30121568,PASS
ldadd,release,miss,random,536870912,2,1000000,0,9,0,0,2000000,97029325,30212928,2002264,1996704,1997147,6000781,88942914,584329728,584329728,0,0,0,PASS,96953800,30115520,PASS
ldadd,release,miss,random,536870912,4,1000000,0,0,0,0,4000000,225567518,70115808,4002439,3993696,3995711,12620862,210648345,70089760,70089760,0,0,0,PASS,223877315,69542432,PASS
ldadd,release,miss,random,536870912,4,1000000,0,1,0,0,4000000,223755393,69502080,4002745,3993177,3994442,12628493,208807976,209102688,209102688,0,0,0,PASS,223657480,69468896,PASS
ldadd,release,miss,random,536870912,4,1000000,0,2,0,0,4000000,223776432,69582464,4002811,3993243,3994463,12632897,208820352,348070816,348070816,0,0,0,PASS,223757193,69537664,PASS
ldadd,release,miss,random,536870912,4,1000000,0,3,0,0,4000000,223641824,69522144,4002833,3993056,3994143,12633928,208684754,487047200,487047200,0,0,0,PASS,223694875,69484288,PASS
ldadd,release,miss,random,536870912,4,1000000,0,4,0,0,4000000,223691337,69472416,4002721,3993245,3994324,12630939,208730509,625975392,625975392,0,0,0,PASS,223730679,69501376,PASS
ldadd,release,miss,random,536870912,4,1000000,0,5,0,0,4000000,223646285,69463936,4002647,3993112,3994272,12630533,208692905,764911072,764911072,0,0,0,PASS,223654981,69465152,PASS
ldadd,release,miss,random,536870912,4,1000000,0,6,0,0,4000000,223632046,69458592,4002735,3993132,3994307,12624852,208693556,903805472,903805472,0,0,0,PASS,223615254,69464352,PASS
ldadd,release,miss,random,536870912,4,1000000,0,7,0,0,4000000,223743591,69525504,4002752,3993182,3994335,12630536,208791094,1042746944,1042746944,0,0,0,PASS,223561562,69447712,PASS
ldadd,release,miss,random,536870912,4,1000000,0,8,0,0,4000000,223657240,69490912,4002607,3992994,3994169,12631018,208707029,1181654528,1181654528,0,0,0,PASS,223552677,69462816,PASS
ldadd,release,miss,random,536870912,4,1000000,0,9,0,0,4000000,223567655,69445536,4002564,3993123,3994291,12625466,208625136,1320516384,1320516384,0,0,0,PASS,223556030,69441856,PASS
ldadd,release,miss,random,536870912,8,1000000,0,0,0,0,8000000,450754505,140120640,8004206,7988354,7992790,24004284,424107708,140041856,140041856,0,0,0,PASS,450653453,139961696,PASS
ldadd,release,miss,random,536870912,8,1000000,0,1,0,0,8000000,450661134,139966208,8004413,7987251,7989213,24004266,424007160,419936832,419936832,0,0,0,PASS,450467646,139997888,PASS
ldadd,release,miss,random,536870912,8,1000000,0,2,0,0,8000000,450644351,139970176,8004404,7987280,7989257,24004296,423998119,699801632,699801632,0,0,0,PASS,450560289,139977728,PASS
ldadd,release,miss,random,536870912,8,1000000,0,3,0,0,8000000,450529339,140028032,8004456,7987726,7989786,24004270,423879189,979704288,979704288,0,0,0,PASS,450486899,139966688,PASS
ldadd,release,miss,random,536870912,8,1000000,0,4,0,0,8000000,450507974,139920608,8004107,7987829,7989954,24004255,423862843,1259526720,1259526720,0,0,0,PASS,450596766,139951168,PASS
ldadd,release,miss,random,536870912,8,1000000,0,5,0,0,8000000,450584428,139966432,8004181,7987042,7989166,24004267,423935218,1539412864,1539412864,0,0,0,PASS,450602128,139940672,PASS
ldadd,release,miss,random,536870912,8,1000000,0,6,0,0,8000000,450488197,139902496,8004209,7987644,7989767,24004273,423838071,1819223904,1819223904,0,0,0,PASS,450365611,139896352,PASS
ldadd,release,miss,random,536870912,8,1000000,0,7,0,0,8000000,450406904,139944064,8004401,7987495,7989568,24004288,423752099,2098999872,2098999872,0,0,0,PASS,450408069,139908512,PASS
ldadd,release,miss,random,536870912,8,1000000,0,8,0,0,8000000,450455862,139967808,8004320,7987639,7989747,24004264,423799315,2378797920,2378797920,0,0,0,PASS,450247607,139938880,PASS
ldadd,release,miss,random,536870912,8,1000000,0,9,0,0,8000000,450287354,139857984,8004216,7986791,7988882,24004261,423630757,2658498496,2658498496,0,0,0,PASS,450146229,139877696,PASS
ldadd,release,miss,random,536870912,16,1000000,0,0,0,0,16000000,901619082,280298432,16012293,15972938,15979192,48008804,848429741,280159168,280159168,0,0,0,PASS,900904150,279862656,PASS
ldadd,release,miss,random,536870912,16,1000000,0,1,0,0,16000000,901085879,279918176,16012571,15972184,15975830,48008854,847922021,839886112,839886112,0,0,0,PASS,900924905,279876384,PASS
ldadd,release,miss,random,536870912,16,1000000,0,2,0,0,16000000,901278329,280054528,16012484,15972699,15976162,48008813,848104300,1399697600,1399697600,0,0,0,PASS,900940699,279911296,PASS
ldadd,release,miss,random,536870912,16,1000000,0,3,0,0,16000000,900992478,279933632,16012274,15972549,15975872,48008777,847814024,1959410432,1959410432,0,0,0,PASS,900964607,279928384,PASS
ldadd,release,miss,random,536870912,16,1000000,0,4,0,0,16000000,900954962,279830112,16012064,15972424,15975744,48008774,847775510,2519068576,2519068576,0,0,0,PASS,900844631,279796480,PASS
ldadd,release,miss,random,536870912,16,1000000,0,5,0,0,16000000,901071944,279843648,16012288,15972501,15975831,48008782,847886883,3078671616,3078671616,0,0,0,PASS,900781680,279880928,PASS
ldadd,release,miss,random,536870912,16,1000000,0,6,0,0,16000000,900924566,279919328,16012401,15972614,15975900,48008810,847750335,3638305184,3638305184,0,0,0,PASS,900716942,279753280,PASS
ldadd,release,miss,random,536870912,16,1000000,0,7,0,0,16000000,900931345,279875008,16012633,15972279,15975653,48008810,847748193,4197879616,4197879616,0,0,0,PASS,900684338,279833632,PASS
ldadd,release,miss,random,536870912,16,1000000,0,8,0,0,16000000,901070842,279953600,16012228,15972377,15975760,48008970,847885947,4757567520,4757567520,0,0,0,PASS,900730041,279746432,PASS
ldadd,release,miss,random,536870912,16,1000000,0,9,0,0,16000000,901168405,279960416,16012399,15972617,15975936,48008771,847980917,5317180544,5317180544,0,0,0,PASS,900735417,279752192,PASS
ldadd,release,miss,random,536870912,32,1000000,0,0,0,0,32000000,1803204842,560164960,32018935,31945828,31955474,96017846,1698863631,560031040,560031040,0,0,0,PASS,1802445184,559851040,PASS
ldadd,release,miss,random,536870912,32,1000000,0,1,0,0,32000000,1802833008,559953856,32019176,31944786,31953885,96017857,1698524654,1679672864,1679672864,0,0,0,PASS,1802574025,559883776,PASS
ldadd,release,miss,random,536870912,32,1000000,0,2,0,0,32000000,1802460444,559875456,32019251,31944284,31953096,96017847,1698138267,2799242816,2799242816,0,0,0,PASS,1802329913,559682656,PASS
ldadd,release,miss,random,536870912,32,1000000,0,3,0,0,32000000,1802774011,559900704,32019014,31944515,31953645,96017811,1698470983,3918721824,3918721824,0,0,0,PASS,1802583766,559919616,PASS
ldadd,release,miss,random,536870912,32,1000000,0,4,0,0,32000000,1802852745,559964320,32018948,31945057,31954092,96017886,1698522289,5038430176,5038430176,0,0,0,PASS,1802604236,559862464,PASS
ldadd,release,miss,random,536870912,32,1000000,0,5,0,0,32000000,1802644785,559946240,32018968,31944907,31953857,96017866,1698334978,6158035328,6158035328,0,0,0,PASS,1802304640,559824224,PASS
ldadd,release,miss,random,536870912,32,1000000,0,6,0,0,32000000,1802452380,559740896,32018717,31945811,31955315,96017786,1698135598,7277480128,7277480128,0,0,0,PASS,1802295870,559735136,PASS
ldadd,release,miss,random,536870912,32,1000000,0,7,0,0,32000000,1802466163,559829280,32018799,31945001,31954432,96017834,1698140591,8396870336,8396870336,0,0,0,PASS,1802459917,559776384,PASS
ldadd,release,miss,random,536870912,32,1000000,0,8,0,0,32000000,1804386928,560424960,32018643,31945952,31955416,96017874,1700092692,9516951680,9516951680,0,0,0,PASS,1803951141,560446560,PASS
ldadd,release,miss,random,536870912,32,1000000,0,9,0,0,32000000,1803928528,560295840,32018936,31945148,31954226,96017806,1699631620,10637449728,10637449728,0,0,0,PASS,1803854556,560281760,PASS
ldadd,release,miss,random,536870912,64,1000000,0,0,0,0,64000000,3608579985,1120848672,64036820,63895054,63914390,192035939,3402286933,1120667520,1120667520,0,0,0,PASS,3607722349,1120332448,PASS
ldadd,release,miss,random,536870912,64,1000000,0,1,0,0,64000000,3608345763,1120821440,64036586,63894496,63909206,192036038,3402068216,3361532704,3361532704,0,0,0,PASS,3607466538,1120252000,PASS
ldadd,release,miss,random,536870912,64,1000000,0,2,0,0,64000000,3607844994,1120688128,64036584,63894487,63908775,192035979,3401519594,5602165024,5602165024,0,0,0,PASS,3606898375,1120243392,PASS
ldadd,release,miss,random,536870912,64,1000000,0,3,0,0,64000000,3607348346,1120521408,64036768,63895086,63909694,192036066,3400994881,7842690304,7842690304,0,0,0,PASS,3607653715,1120552832,PASS
ldadd,release,miss,random,536870912,64,1000000,0,4,0,0,64000000,3607341420,1120398368,64039729,63894899,63909598,192035989,3401073485,10083340224,10083340224,0,0,0,PASS,3606652774,1120299552,PASS
ldadd,release,miss,random,536870912,64,1000000,0,5,0,0,64000000,3606972152,1120149536,64040312,63895031,63909689,192036056,3400582300,12323545184,12323545184,0,0,0,PASS,3607023168,1120393312,PASS
ldadd,release,miss,random,536870912,64,1000000,0,6,0,0,64000000,3607580029,1120485504,64039515,63892831,63907321,192035996,3401312404,14564152384,14564152384,0,0,0,PASS,3606458598,1120295456,PASS
ldadd,release,miss,random,536870912,64,1000000,0,7,0,0,64000000,3607097254,1120300928,64038940,63894699,63909102,192035923,3400852429,16804412704,16804412704,0,0,0,PASS,3606538936,1120087232,PASS
ldadd,release,miss,random,536870912,64,1000000,0,8,0,0,64000000,3607434533,1120480480,64039031,63893588,63908135,192035985,3401134259,19044734016,19044734016,0,0,0,PASS,3606679333,1120199136,PASS
ldadd,release,miss,random,536870912,64,1000000,0,9,0,0,64000000,3606997278,1120342112,64039200,63894115,63908374,192036017,3400679377,21284926816,21284926816,0,0,0,PASS,3606228799,1119949440,PASS
ldadd,release,hit,random,2048,1,1000000,200000,0,0,0,1000000,14838250,4654208,64,28,45,3000158,1517,4634880,4634880,0,0,0,PASS,14714121,4582592,PASS
ldadd,release,hit,random,2048,1,1000000,200000,1,0,0,1000000,14837830,4626272,30,0,0,3000154,13,13827360,13827360,0,0,0,PASS,14712961,4577216,PASS
ldadd,release,hit,random,2048,1,1000000,200000,2,0,0,1000000,14837811,4617888,16,0,0,3000136,0,23008192,23008192,0,0,0,PASS,14712423,4578560,PASS
ldadd,release,hit,random,2048,1,1000000,200000,3,0,0,1000000,14837641,4614784,11,2,2,3000155,19,32187424,32187424,0,0,0,PASS,14711428,4576768,PASS
ldadd,release,hit,random,2048,1,1000000,200000,4,0,0,1000000,14838130,4617632,10,0,1,3000154,0,41367488,41367488,0,0,0,PASS,14710801,4576032,PASS
ldadd,release,hit,random,2048,1,1000000,200000,5,0,0,1000000,14838093,4616512,11,0,0,3000135,0,50546080,50546080,0,0,0,PASS,14713461,4586304,PASS
ldadd,release,hit,random,2048,1,1000000,200000,6,0,0,1000000,14837988,4615712,8,0,1,3000156,0,59734048,59734048,0,0,0,PASS,14712295,4574368,PASS
ldadd,release,hit,random,2048,1,1000000,200000,7,0,0,1000000,14837615,4615200,13,0,0,3000136,0,68909472,68909472,0,0,0,PASS,14711252,4576000,PASS
ldadd,release,hit,random,2048,1,1000000,200000,8,0,0,1000000,14838939,4613760,10,0,0,3000137,0,78085184,78085184,0,0,0,PASS,14711832,4577280,PASS
ldadd,release,hit,random,2048,1,1000000,200000,9,0,0,1000000,14837883,4613856,13,0,0,3000113,0,87262400,87262400,0,0,0,PASS,14711617,4575872,PASS
ldadd,release,hit,random,2048,2,1000000,200000,0,0,0,2000000,28957595,9025088,65,39,63,6000267,848,9006816,9006816,0,0,0,PASS,28694556,8915744,PASS
ldadd,release,hit,random,2048,2,1000000,200000,1,0,0,2000000,28957587,8996896,18,4,4,6000366,0,26904672,26904672,0,0,0,PASS,28693412,8911328,PASS
ldadd,release,hit,random,2048,2,1000000,200000,2,0,0,2000000,28954947,8996384,15,0,4,6000292,0,44798304,44798304,0,0,0,PASS,28694909,8922592,PASS
ldadd,release,hit,random,2048,2,1000000,200000,3,0,0,2000000,28956194,9007424,25,1,1,6000319,0,62709184,62709184,0,0,0,PASS,28694939,8928960,PASS
ldadd,release,hit,random,2048,2,1000000,200000,4,0,0,2000000,28956570,8994080,17,0,0,6000293,0,80603808,80603808,0,0,0,PASS,28696084,8912192,PASS
ldadd,release,hit,random,2048,2,1000000,200000,5,0,0,2000000,28956092,8998144,17,2,2,6000343,0,98500160,98500160,0,0,0,PASS,28692766,8911072,PASS
ldadd,release,hit,random,2048,2,1000000,200000,6,0,0,2000000,28956876,8991648,17,0,0,6000319,0,116388864,116388864,0,0,0,PASS,28696279,8913760,PASS
ldadd,release,hit,random,2048,2,1000000,200000,7,0,0,2000000,28955962,8991840,12,0,0,6000315,0,134280320,134280320,0,0,0,PASS,28693318,8911200,PASS
ldadd,release,hit,random,2048,2,1000000,200000,8,0,0,2000000,28957240,8992512,13,0,2,6000267,0,152170112,152170112,0,0,0,PASS,28693860,8911424,PASS
ldadd,release,hit,random,2048,2,1000000,200000,9,0,0,2000000,28957816,8992896,14,0,1,6000290,0,170060416,170060416,0,0,0,PASS,28693822,8909536,PASS
ldadd,release,hit,random,2048,4,1000000,200000,0,0,0,4000000,57264005,17851040,94,24,44,12000730,454,17800832,17800832,0,0,0,PASS,56596181,17565440,PASS
ldadd,release,hit,random,2048,4,1000000,200000,1,0,0,4000000,57262164,17785472,29,5,5,12000637,0,53134976,53134976,0,0,0,PASS,56597806,17598848,PASS
ldadd,release,hit,random,2048,4,1000000,200000,2,0,0,4000000,57262620,17770560,29,0,1,12000667,0,88464544,88464544,0,0,0,PASS,56597543,17571520,PASS
ldadd,release,hit,random,2048,4,1000000,200000,3,0,0,4000000,57261963,17768384,28,0,1,12000694,0,123790240,123790240,0,0,0,PASS,56596608,17564064,PASS
ldadd,release,hit,random,2048,4,1000000,200000,4,0,0,4000000,57262056,17768512,19,0,12,12000608,0,159108416,159108416,0,0,0,PASS,56596042,17562720,PASS
ldadd,release,hit,random,2048,4,1000000,200000,5,0,0,4000000,57262990,17773728,29,0,3,12000806,0,194430816,194430816,0,0,0,PASS,56595796,17563168,PASS
ldadd,release,hit,random,2048,4,1000000,200000,6,0,0,4000000,57261829,17769248,23,0,0,12000636,0,229749216,229749216,0,0,0,PASS,56595967,17564864,PASS
ldadd,release,hit,random,2048,4,1000000,200000,7,0,0,4000000,57262078,17772288,17,2,30,12000583,1139,265071904,265071904,0,0,0,PASS,56596202,17566560,PASS
ldadd,release,hit,random,2048,4,1000000,200000,8,0,0,4000000,57261889,17772128,13,0,1,12000730,0,300396416,300396416,0,0,0,PASS,56596190,17561120,PASS
ldadd,release,hit,random,2048,4,1000000,200000,9,0,0,4000000,57262627,17770272,10,0,0,12000611,0,335713856,335713856,0,0,0,PASS,56598084,17564160,PASS
ldadd,release,hit,random,2048,8,1000000,200000,0,0,0,8000000,113817219,35320544,48,26,38,24001417,786,35309024,35309024,0,0,0,PASS,112424107,34901664,PASS
ldadd,release,hit,random,2048,8,1000000,200000,1,0,0,8000000,113816630,35350976,37,0,30,24001411,0,105526624,105526624,0,0,0,PASS,112423274,34880512,PASS
ldadd,release,hit,random,2048,8,1000000,200000,2,0,0,8000000,113814590,35309216,18,0,3,24001416,0,175701184,175701184,0,0,0,PASS,112423834,34932576,PASS
ldadd,release,hit,random,2048,8,1000000,200000,3,0,0,8000000,113817422,35326592,32,0,4,24002919,0,245902144,245902144,0,0,0,PASS,112423738,34874816,PASS
ldadd,release,hit,random,2048,8,1000000,200000,4,0,0,8000000,113817588,35311808,17,0,6,24001613,0,316073024,316073024,0,0,0,PASS,112422176,34878688,PASS
ldadd,release,hit,random,2048,8,1000000,200000,5,0,0,8000000,113817904,35309248,29,0,0,24001407,0,386244992,386244992,0,0,0,PASS,112422564,34875808,PASS
ldadd,release,hit,random,2048,8,1000000,200000,6,0,0,8000000,113817434,35307488,17,0,0,24001565,0,456414272,456414272,0,0,0,PASS,112423354,34881024,PASS
ldadd,release,hit,random,2048,8,1000000,200000,7,0,0,8000000,113818189,35308224,22,0,4,24001409,0,526589472,526589472,0,0,0,PASS,112425077,34874112,PASS
ldadd,release,hit,random,2048,8,1000000,200000,8,0,0,8000000,113815683,35333376,34,0,2,24001505,0,596772256,596772256,0,0,0,PASS,112422521,34881632,PASS
ldadd,release,hit,random,2048,8,1000000,200000,9,0,0,8000000,113816154,35317184,17,4,5,24001600,0,666956896,666956896,0,0,0,PASS,112425441,34888160,PASS
ldadd,release,hit,random,2048,16,1000000,200000,0,0,0,16000000,226814522,70378656,60,24,41,48003132,536,70367584,70367584,0,0,0,PASS,223932637,69470400,PASS
ldadd,release,hit,random,2048,16,1000000,200000,1,0,0,16000000,226812861,70357248,29,4,8,48002986,0,210178176,210178176,0,0,0,PASS,223932482,69461344,PASS
ldadd,release,hit,random,2048,16,1000000,200000,2,0,0,16000000,226814167,70348064,20,0,5,48002849,0,349972384,349972384,0,0,0,PASS,223935476,69454112,PASS
ldadd,release,hit,random,2048,16,1000000,200000,3,0,0,16000000,226810635,70373664,60,2,9,48003092,0,489769024,489769024,0,0,0,PASS,223931366,69465920,PASS
ldadd,release,hit,random,2048,16,1000000,200000,4,0,0,16000000,226812364,70350144,34,0,1,48003100,0,629559712,629559712,0,0,0,PASS,223932813,69458848,PASS
ldadd,release,hit,random,2048,16,1000000,200000,5,0,0,16000000,226813458,70362208,32,1,1,48002922,0,769352928,769352928,0,0,0,PASS,223931747,69462592,PASS
ldadd,release,hit,random,2048,16,1000000,200000,6,0,0,16000000,226816378,70351616,19,3,3,48002958,0,909152608,909152608,0,0,0,PASS,223934329,69502336,PASS
ldadd,release,hit,random,2048,16,1000000,200000,7,0,0,16000000,226811865,70371456,30,3,5,48003035,0,1048964800,1048964800,0,0,0,PASS,223931190,69452960,PASS
ldadd,release,hit,random,2048,16,1000000,200000,8,0,0,16000000,226815438,70351488,26,0,1,48003088,0,1188754560,1188754560,0,0,0,PASS,223936465,69462752,PASS
ldadd,release,hit,random,2048,16,1000000,200000,9,0,0,16000000,226810007,70358528,53,2,3,48002936,0,1328547712,1328547712,0,0,0,PASS,223934277,69464480,PASS
ldadd,release,hit,random,2048,32,1000000,200000,0,0,0,32000000,452903002,140474592,58,28,50,96005939,641,140461728,140461728,0,0,0,PASS,447163420,138690368,PASS
ldadd,release,hit,random,2048,32,1000000,200000,1,0,0,32000000,452901878,140465216,58,1,2,96005764,0,419598112,419598112,0,0,0,PASS,447161738,138673856,PASS
ldadd,release,hit,random,2048,32,1000000,200000,2,0,0,32000000,452899192,140432480,51,3,8,96005861,0,698689888,698689888,0,0,0,PASS,447167827,138656224,PASS
ldadd,release,hit,random,2048,32,1000000,200000,3,0,0,32000000,452902728,140450208,64,0,2,96005930,0,977778496,977778496,0,0,0,PASS,447160659,138716416,PASS
ldadd,release,hit,random,2048,32,1000000,200000,4,0,0,32000000,452902842,140458528,78,3,5,96006080,0,1256907456,1256907456,0,0,0,PASS,447163541,138676352,PASS
ldadd,release,hit,random,2048,32,1000000,200000,5,0,0,32000000,452898294,140490912,71,7,8,96006232,0,1536025504,1536025504,0,0,0,PASS,447162718,138677728,PASS
ldadd,release,hit,random,2048,32,1000000,200000,6,0,0,32000000,452900893,140449632,42,0,2,96005758,0,1815137120,1815137120,0,0,0,PASS,447163837,138686880,PASS
ldadd,release,hit,random,2048,32,1000000,200000,7,0,0,32000000,452898893,140491808,63,0,1,96006108,0,2094264768,2094264768,0,0,0,PASS,447161956,138673088,PASS
ldadd,release,hit,random,2048,32,1000000,200000,8,0,0,32000000,452900279,140472864,84,1,9,96006344,0,2373379648,2373379648,0,0,0,PASS,447164228,138776544,PASS
ldadd,release,hit,random,2048,32,1000000,200000,9,0,0,32000000,452902608,140462080,47,4,7,96006711,0,2652520864,2652520864,0,0,0,PASS,447162302,138677984,PASS
ldadd,release,hit,random,2048,64,1000000,200000,0,0,0,64000000,905090426,280767136,144,18,51,192013298,985,280715104,280715104,0,0,0,PASS,893611779,277101728,PASS
ldadd,release,hit,random,2048,64,1000000,200000,1,0,0,64000000,905083858,280678624,75,13,38,192012639,0,838438720,838438720,0,0,0,PASS,893628798,277512128,PASS
ldadd,release,hit,random,2048,64,1000000,200000,2,0,0,64000000,905083939,280639616,94,0,0,192011746,0,1396301312,1396301312,0,0,0,PASS,893618010,277082688,PASS
ldadd,release,hit,random,2048,64,1000000,200000,3,0,0,64000000,905086858,280657152,59,0,1,192011842,0,1954024128,1954024128,0,0,0,PASS,893619156,277138432,PASS
ldadd,release,hit,random,2048,64,1000000,200000,4,0,0,64000000,905088470,280677408,93,4,11,192012249,0,2511763904,2511763904,0,0,0,PASS,893617820,277126368,PASS
ldadd,release,hit,random,2048,64,1000000,200000,5,0,0,64000000,905084591,280653312,81,0,36,192011857,0,3069510848,3069510848,0,0,0,PASS,893614106,277116544,PASS
ldadd,release,hit,random,2048,64,1000000,200000,6,0,0,64000000,905085619,280658688,44,1,2,192012020,0,3627257792,3627257792,0,0,0,PASS,893619772,277072672,PASS
ldadd,release,hit,random,2048,64,1000000,200000,7,0,0,64000000,905086616,280657440,63,1,3,192012041,0,4184956736,4184956736,0,0,0,PASS,893617244,277095904,PASS
ldadd,release,hit,random,2048,64,1000000,200000,8,0,0,64000000,905089073,280705696,107,1,2,192013163,674,4742710304,4742710304,0,0,0,PASS,893611575,277100608,PASS
ldadd,release,hit,random,2048,64,1000000,200000,9,0,0,64000000,905088784,280665504,113,2,5,192013015,0,5300432832,5300432832,0,0,0,PASS,893621786,277084704,PASS
ldadd,acqrel,miss,random,536870912,1,1000000,0,0,0,0,1000000,59782920,18604992,1001005,998750,1000490,3000447,55258446,18588448,18588448,0,0,0,PASS,47083773,14640608,PASS
ldadd,acqrel,miss,random,536870912,1,1000000,0,1,0,0,1000000,43636653,13570400,1001348,998481,998703,3000311,38070468,46780128,46780128,0,0,0,PASS,42965368,13368960,PASS
ldadd,acqrel,miss,random,536870912,1,1000000,0,2,0,0,1000000,42639969,13261184,1001352,998377,998606,3000309,37017158,73392416,73392416,0,0,0,PASS,42434081,13197216,PASS
ldadd,acqrel,miss,random,536870912,1,1000000,0,3,0,0,1000000,42311438,13154816,1001373,998401,998611,3000293,36676633,99725248,99725248,0,0,0,PASS,42131252,13097632,PASS
ldadd,acqrel,miss,random,536870912,1,1000000,0,4,0,0,1000000,42073508,13077792,1001389,998365,998590,3000289,36413578,125883136,125883136,0,0,0,PASS,41919929,13032224,PASS
ldadd,acqrel,miss,random,536870912,1,1000000,0,5,0,0,1000000,41851308,13009600,1001349,998254,998481,3000290,36199884,151907296,151907296,0,0,0,PASS,41732910,12973504,PASS
ldadd,acqrel,miss,random,536870912,1,1000000,0,6,0,0,1000000,41676594,12960096,1001356,998298,998526,3000282,36014620,177823040,177823040,0,0,0,PASS,41121943,12786528,PASS
ldadd,acqrel,miss,random,536870912,1,1000000,0,7,0,0,1000000,41072951,12773728,1001351,998320,998548,3000287,35365990,203365568,203365568,0,0,0,PASS,40575753,12611168,PASS
ldadd,acqrel,miss,random,536870912,1,1000000,0,8,0,0,1000000,40423441,12566496,1001363,998328,998553,3000290,34702637,228526176,228526176,0,0,0,PASS,40315917,12532416,PASS
ldadd,acqrel,miss,random,536870912,1,1000000,0,9,0,0,1000000,40289574,12526752,1001312,998288,998497,3000288,34571257,253567072,253567072,0,0,0,PASS,40083813,12457600,PASS
ldadd,acqrel,miss,random,536870912,2,1000000,0,0,0,0,2000000,113483160,35281856,2001203,1996879,1998741,6000911,105717964,35263616,35263616,0,0,0,PASS,105264576,32718240,PASS
ldadd,acqrel,miss,random,536870912,2,1000000,0,1,0,0,2000000,104068782,32363360,2002057,1996940,1997350,6000829,96192276,100318880,100318880,0,0,0,PASS,102832951,31970688,PASS
ldadd,acqrel,miss,random,536870912,2,1000000,0,2,0,0,2000000,100491326,31216000,2002180,1996808,1997199,6000822,92531036,163483104,163483104,0,0,0,PASS,100195147,31195136,PASS
ldadd,acqrel,miss,random,536870912,2,1000000,0,3,0,0,2000000,100087587,31090784,2002190,1996672,1997081,6000807,92105344,225692096,225692096,0,0,0,PASS,99683438,30963808,PASS
ldadd,acqrel,miss,random,536870912,2,1000000,0,4,0,0,2000000,99034689,30764864,2002229,1996689,1997072,6000783,91026381,287397472,287397472,0,0,0,PASS,98786140,30711584,PASS
ldadd,acqrel,miss,random,536870912,2,1000000,0,5,0,0,2000000,98538559,30605760,2002237,1996717,1997049,6000835,90499680,348675584,348675584,0,0,0,PASS,98210477,30504704,PASS
ldadd,acqrel,miss,random,536870912,2,1000000,0,6,0,0,2000000,98242026,30517216,2002285,1996783,1997179,6000810,90197601,409675328,409675328,0,0,0,PASS,98262357,30542272,PASS
ldadd,acqrel,miss,random,536870912,2,1000000,0,7,0,0,2000000,97992307,30450048,2002282,1996810,1997194,6000814,89943167,470622304,470622304,0,0,0,PASS,97856214,30400160,PASS
ldadd,acqrel,miss,random,536870912,2,1000000,0,8,0,0,2000000,97641285,30329120,2002232,1996672,1997059,6000807,89577835,531330176,531330176,0,0,0,PASS,97355773,30241888,PASS
ldadd,acqrel,miss,random,536870912,2,1000000,0,9,0,0,2000000,97222391,30202432,2002226,1996821,1997193,6000786,89137696,591747488,591747488,0,0,0,PASS,97129483,30172064,PASS
ldadd,acqrel,miss,random,536870912,4,1000000,0,0,0,0,4000000,225471256,70122944,4002446,3993448,3995452,12002027,211498789,70064928,70064928,0,0,0,PASS,223881362,69564256,PASS
ldadd,acqrel,miss,random,536870912,4,1000000,0,1,0,0,4000000,223650893,69461568,4002759,3993068,3994016,12002031,209658580,209041984,209041984,0,0,0,PASS,223538042,69461728,PASS
ldadd,acqrel,miss,random,536870912,4,1000000,0,2,0,0,4000000,223619477,69443392,4002701,3993242,3994252,12002027,209621875,347899040,347899040,0,0,0,PASS,223462346,69426208,PASS
ldadd,acqrel,miss,random,536870912,4,1000000,0,3,0,0,4000000,223586501,69472928,4002660,3992975,3993887,12002016,209600249,486728224,486728224,0,0,0,PASS,223455785,69436000,PASS
ldadd,acqrel,miss,random,536870912,4,1000000,0,4,0,0,4000000,223523683,69416576,4002654,3993142,3994051,12001994,209530864,625513248,625513248,0,0,0,PASS,223414134,69390112,PASS
ldadd,acqrel,miss,random,536870912,4,1000000,0,5,0,0,4000000,223436166,69406048,4002797,3993146,3994014,12002022,209437021,764278816,764278816,0,0,0,PASS,223541568,69432832,PASS
ldadd,acqrel,miss,random,536870912,4,1000000,0,6,0,0,4000000,223392691,69412928,4002840,3993440,3994335,12001987,209394826,903092096,903092096,0,0,0,PASS,223279556,69355072,PASS
ldadd,acqrel,miss,random,536870912,4,1000000,0,7,0,0,4000000,223386679,69386432,4002715,3992966,3993860,12002021,209395127,1041800608,1041800608,0,0,0,PASS,223367427,69387328,PASS
ldadd,acqrel,miss,random,536870912,4,1000000,0,8,0,0,4000000,223359941,69377568,4002798,3992896,3993748,12002025,209369227,1180533632,1180533632,0,0,0,PASS,223307162,69363136,PASS
ldadd,acqrel,miss,random,536870912,4,1000000,0,9,0,0,4000000,223378684,69382112,4002785,3993125,3994031,12001984,209383249,1319248736,1319248736,0,0,0,PASS,223245285,69340320,PASS
ldadd,acqrel,miss,random,536870912,8,1000000,0,0,0,0,8000000,450667184,140047072,8004207,7986603,7991222,24004274,424023818,139987744,139987744,0,0,0,PASS,450620323,139988608,PASS
ldadd,acqrel,miss,random,536870912,8,1000000,0,1,0,0,8000000,450642584,139943136,8004157,7986495,7988584,24004266,423993520,419862624,419862624,0,0,0,PASS,450560322,139964608,PASS
ldadd,acqrel,miss,random,536870912,8,1000000,0,2,0,0,8000000,450583925,139971456,8004087,7986063,7988152,24004307,423933945,699697504,699697504,0,0,0,PASS,450468267,139910784,PASS
ldadd,acqrel,miss,random,536870912,8,1000000,0,3,0,0,8000000,450551718,139988640,8004071,7986307,7988421,24004268,423894140,979527296,979527296,0,0,0,PASS,450462149,139942304,PASS
ldadd,acqrel,miss,random,536870912,8,1000000,0,4,0,0,8000000,450582576,139937952,8004230,7986220,7988120,24004278,423935282,1259341184,1259341184,0,0,0,PASS,450973489,140102688,PASS
ldadd,acqrel,miss,random,536870912,8,1000000,0,5,0,0,8000000,450581540,139975040,8004222,7986163,7988030,24004423,423934918,1539366208,1539366208,0,0,0,PASS,450668115,139998912,PASS
ldadd,acqrel,miss,random,536870912,8,1000000,0,6,0,0,8000000,450711052,140007488,8004189,7986263,7988123,24004280,424053405,1819319264,1819319264,0,0,0,PASS,450511671,139928864,PASS
ldadd,acqrel,miss,random,536870912,8,1000000,0,7,0,0,8000000,450592688,140028448,8004206,7986283,7988159,24004309,423945458,2099196384,2099196384,0,0,0,PASS,450599564,139999008,PASS
ldadd,acqrel,miss,random,536870912,8,1000000,0,8,0,0,8000000,450414798,139934848,8004366,7986246,7988248,24004301,423762901,2379072512,2379072512,0,0,0,PASS,450372262,139891840,PASS
ldadd,acqrel,miss,random,536870912,8,1000000,0,9,0,0,8000000,450314134,139930752,8004312,7986129,7987995,24004262,423665026,2658802080,2658802080,0,0,0,PASS,450199100,139835744,PASS
ldadd,acqrel,miss,random,536870912,16,1000000,0,0,0,0,16000000,901589597,280223648,16012234,15972607,15978479,48640779,847474364,280107008,280107008,0,0,0,PASS,982523530,305148992,PASS
ldadd,acqrel,miss,random,536870912,16,1000000,0,1,0,0,16000000,901496558,280024928,16012205,15972151,15976221,48641713,847376874,865228160,865228160,0,0,0,PASS,982370259,305153344,PASS
ldadd,acqrel,miss,random,536870912,16,1000000,0,2,0,0,16000000,901470661,280057472,16012123,15972393,15976331,48642381,847356267,1450281056,1450281056,0,0,0,PASS,982245806,305131264,PASS
ldadd,acqrel,miss,random,536870912,16,1000000,0,3,0,0,16000000,901574619,280034112,16012139,15972186,15976119,48656436,847427742,2035314784,2035314784,0,0,0,PASS,982310321,305196384,PASS
ldadd,acqrel,miss,random,536870912,16,1000000,0,4,0,0,16000000,901249710,279942560,16012294,15972350,15976477,48632692,847155683,2620294304,2620294304,0,0,0,PASS,982227467,305013440,PASS
ldadd,acqrel,miss,random,536870912,16,1000000,0,5,0,0,16000000,901462025,280001152,16012344,15972389,15976374,48636168,847352925,3205253728,3205253728,0,0,0,PASS,982435010,305163744,PASS
ldadd,acqrel,miss,random,536870912,16,1000000,0,6,0,0,16000000,901440517,280095584,16012147,15972424,15976366,48646346,847304659,3790337184,3790337184,0,0,0,PASS,982415111,305098048,PASS
ldadd,acqrel,miss,random,536870912,16,1000000,0,7,0,0,16000000,901758524,280133984,16012077,15972748,15976738,48643537,847639214,4375464512,4375464512,0,0,0,PASS,982305087,305074464,PASS
ldadd,acqrel,miss,random,536870912,16,1000000,0,8,0,0,16000000,901417879,279922560,16012217,15972196,15976136,48663273,847267396,4960409344,4960409344,0,0,0,PASS,982290356,305113408,PASS
ldadd,acqrel,miss,random,536870912,16,1000000,0,9,0,0,16000000,901276356,279914720,16011959,15972336,15976299,48652300,847145587,5545331360,5545331360,0,0,0,PASS,982279329,305176992,PASS
ldadd,acqrel,miss,random,536870912,32,1000000,0,0,0,0,32000000,1803138894,560121792,32020779,31947060,31956912,96017838,1698845942,559980896,559980896,0,0,0,PASS,1802679566,559754080,PASS
ldadd,acqrel,miss,random,536870912,32,1000000,0,1,0,0,32000000,1803035033,559952768,32018702,31947908,31954774,96017882,1698764935,1679574752,1679574752,0,0,0,PASS,1802671047,559837280,PASS
ldadd,acqrel,miss,random,536870912,32,1000000,0,2,0,0,32000000,1802946343,559986240,32018735,31946168,31953370,96017917,1698654018,2799216864,2799216864,0,0,0,PASS,1802645444,559803360,PASS
ldadd,acqrel,miss,random,536870912,32,1000000,0,3,0,0,32000000,1802938490,560019712,32018461,31946453,31953515,96017886,1698646981,3918865856,3918865856,0,0,0,PASS,1802649504,559888128,PASS
ldadd,acqrel,miss,random,536870912,32,1000000,0,4,0,0,32000000,1802765769,559783328,32018578,31946610,31953642,96017872,1698487071,5038401376,5038401376,0,0,0,PASS,1802445307,559753312,PASS
ldadd,acqrel,miss,random,536870912,32,1000000,0,5,0,0,32000000,1802727042,559960128,32018946,31946810,31953876,96017924,1698444009,6157870528,6157870528,0,0,0,PASS,1802678786,559844096,PASS
ldadd,acqrel,miss,random,536870912,32,1000000,0,6,0,0,32000000,1802563893,559732064,32018775,31945553,31952488,96017838,1698275633,7277362592,7277362592,0,0,0,PASS,1802576814,559877408,PASS
ldadd,acqrel,miss,random,536870912,32,1000000,0,7,0,0,32000000,1802782895,559897408,32018933,31946975,31954020,96017800,1698514097,8396908640,8396908640,0,0,0,PASS,1802544044,559740192,PASS
ldadd,acqrel,miss,random,536870912,32,1000000,0,8,0,0,32000000,1802934629,560024672,32018496,31947877,31954807,96017925,1698649825,9516562208,9516562208,0,0,0,PASS,1802434636,559828160,PASS
ldadd,acqrel,miss,random,536870912,32,1000000,0,9,0,0,32000000,1802821844,559891200,32018884,31946164,31953368,96017843,1698545775,10636052544,10636052544,0,0,0,PASS,1802807026,559774912,PASS
ldadd,acqrel,miss,random,536870912,64,1000000,0,0,0,0,64000000,3606374830,1120230528,64036647,63900960,63920897,192035946,3400184519,1119989376,1119989376,0,0,0,PASS,3606860662,1120241344,PASS
ldadd,acqrel,miss,random,536870912,64,1000000,0,1,0,0,64000000,3606844782,1120364736,64036909,63897665,63912632,192036057,3400677752,3360265952,3360265952,0,0,0,PASS,3606189166,1120000096,PASS
ldadd,acqrel,miss,random,536870912,64,1000000,0,2,0,0,64000000,3606616598,1120286752,64039960,63898200,63912712,192035955,3400352768,5600283648,5600283648,0,0,0,PASS,3606313904,1120151840,PASS
ldadd,acqrel,miss,random,536870912,64,1000000,0,3,0,0,64000000,3606508455,1120273824,64039853,63897734,63912168,192035987,3400307338,7840495200,7840495200,0,0,0,PASS,3606001865,1120138432,PASS
ldadd,acqrel,miss,random,536870912,64,1000000,0,4,0,0,64000000,3606452368,1120130208,64039645,63893820,63908254,192036030,3400353548,10080519904,10080519904,0,0,0,PASS,3606003571,1120176640,PASS
ldadd,acqrel,miss,random,536870912,64,1000000,0,5,0,0,64000000,3606732444,1120166112,64039152,63896651,63911230,192036237,3400569355,12320591552,12320591552,0,0,0,PASS,3606208264,1120198592,PASS
ldadd,acqrel,miss,random,536870912,64,1000000,0,6,0,0,64000000,3605942302,1120080640,64039386,63895284,63909807,192036015,3399700209,14560624320,14560624320,0,0,0,PASS,3605980587,1120167360,PASS
ldadd,acqrel,miss,random,536870912,64,1000000,0,7,0,0,64000000,3606580412,1120269920,64039873,63896731,63911126,192036043,3400409008,16800747168,16800747168,0,0,0,PASS,3606259741,1120104480,PASS
ldadd,acqrel,miss,random,536870912,64,1000000,0,8,0,0,64000000,3607007320,1120475712,64039747,63899456,63914438,192036030,3400805302,19041028576,19041028576,0,0,0,PASS,3606426609,1120031104,PASS
ldadd,acqrel,miss,random,536870912,64,1000000,0,9,0,0,64000000,3606801773,1120281408,64039592,63897469,63912157,192035933,3400617348,21281122784,21281122784,0,0,0,PASS,3606479922,1120205536,PASS
ldadd,acqrel,hit,random,2048,1,1000000,200000,0,0,0,1000000,14841517,4655392,60,28,48,3000116,770,4627648,4627648,0,0,0,PASS,14621589,4553504,PASS
ldadd,acqrel,hit,random,2048,1,1000000,200000,1,0,0,1000000,14835946,4622112,30,0,6,3000115,0,13786496,13786496,0,0,0,PASS,14620194,4553440,PASS
ldadd,acqrel,hit,random,2048,1,1000000,200000,2,0,0,1000000,14836974,4617472,19,5,6,3000135,0,22943072,22943072,0,0,0,PASS,14622893,4546688,PASS
ldadd,acqrel,hit,random,2048,1,1000000,200000,3,0,0,1000000,14837460,4616320,19,0,1,3000195,0,32091968,32091968,0,0,0,PASS,14623187,4546848,PASS
ldadd,acqrel,hit,random,2048,1,1000000,200000,4,0,0,1000000,14838218,4615936,15,0,0,3000197,0,41240448,41240448,0,0,0,PASS,14621929,4547648,PASS
ldadd,acqrel,hit,random,2048,1,1000000,200000,5,0,0,1000000,14837613,4615360,13,0,0,3000154,0,50389440,50389440,0,0,0,PASS,14622022,4559744,PASS
ldadd,acqrel,hit,random,2048,1,1000000,200000,6,0,0,1000000,14841380,4614528,15,0,3,3000114,0,59549760,59549760,0,0,0,PASS,14621777,4549184,PASS
ldadd,acqrel,hit,random,2048,1,1000000,200000,7,0,0,1000000,14837760,4614368,17,0,0,3000113,0,68699264,68699264,0,0,0,PASS,14620260,4547008,PASS
ldadd,acqrel,hit,random,2048,1,1000000,200000,8,0,0,1000000,14840401,4617056,22,0,0,3000135,0,77849344,77849344,0,0,0,PASS,14623352,4547296,PASS
ldadd,acqrel,hit,random,2048,1,1000000,200000,9,0,0,1000000,14837550,4615168,20,0,0,3000115,0,86997984,86997984,0,0,0,PASS,14622345,4546272,PASS
ldadd,acqrel,hit,random,2048,2,1000000,200000,0,0,0,2000000,28960927,9009792,46,35,51,6000324,489,9000544,9000544,0,0,0,PASS,28632881,8897920,PASS
ldadd,acqrel,hit,random,2048,2,1000000,200000,1,0,0,2000000,28954400,8993408,19,1,1,6000396,101,26876512,26876512,0,0,0,PASS,28633718,8896576,PASS
ldadd,acqrel,hit,random,2048,2,1000000,200000,2,0,0,2000000,28957217,8993856,15,0,0,6000339,0,44752928,44752928,0,0,0,PASS,28634226,8903744,PASS
ldadd,acqrel,hit,random,2048,2,1000000,200000,3,0,0,2000000,28955344,8993088,18,0,1,6000344,0,62635456,62635456,0,0,0,PASS,28633106,8894944,PASS
ldadd,acqrel,hit,random,2048,2,1000000,200000,4,0,0,2000000,28959584,9036064,39,0,6,6000321,0,80517920,80517920,0,0,0,PASS,28631860,8891936,PASS
ldadd,acqrel,hit,random,2048,2,1000000,200000,5,0,0,2000000,28956493,8997920,21,0,2,6000317,0,98393664,98393664,0,0,0,PASS,28632691,8892288,PASS
ldadd,acqrel,hit,random,2048,2,1000000,200000,6,0,0,2000000,28955102,8992864,13,0,0,6000369,0,116264800,116264800,0,0,0,PASS,28632096,8893056,PASS
ldadd,acqrel,hit,random,2048,2,1000000,200000,7,0,0,2000000,28956400,8993632,26,0,0,6000293,0,134137280,134137280,0,0,0,PASS,28632255,8922112,PASS
ldadd,acqrel,hit,random,2048,2,1000000,200000,8,0,0,2000000,28955679,8995072,22,0,0,6000615,0,152014112,152014112,0,0,0,PASS,28631678,8892352,PASS
ldadd,acqrel,hit,random,2048,2,1000000,200000,9,0,0,2000000,28956719,8993696,18,0,1,6000318,0,169886336,169886336,0,0,0,PASS,28633103,8893056,PASS
ldadd,acqrel,hit,random,2048,4,1000000,200000,0,0,0,4000000,57264432,17798240,70,30,49,12000597,1093,17786720,17786720,0,0,0,PASS,56621483,17582304,PASS
ldadd,acqrel,hit,random,2048,4,1000000,200000,1,0,0,4000000,57263524,17785376,28,1,2,12000728,115,53136864,53136864,0,0,0,PASS,56621933,17573760,PASS
ldadd,acqrel,hit,random,2048,4,1000000,200000,2,0,0,4000000,57260916,17789792,29,0,1,12000561,0,88486272,88486272,0,0,0,PASS,56621750,17584000,PASS
ldadd,acqrel,hit,random,2048,4,1000000,200000,3,0,0,4000000,57262292,17770944,30,0,0,12000750,0,123823712,123823712,0,0,0,PASS,56622159,17579296,PASS
ldadd,acqrel,hit,random,2048,4,1000000,200000,4,0,0,4000000,57261367,17774016,21,0,0,12000730,0,159162464,159162464,0,0,0,PASS,56619791,17571040,PASS
ldadd,acqrel,hit,random,2048,4,1000000,200000,5,0,0,4000000,57262105,17772864,26,0,1,12000637,0,194492224,194492224,0,0,0,PASS,56620297,17572992,PASS
ldadd,acqrel,hit,random,2048,4,1000000,200000,6,0,0,4000000,57262412,17767552,26,0,0,12000614,0,229818688,229818688,0,0,0,PASS,56621576,17570336,PASS
ldadd,acqrel,hit,random,2048,4,1000000,200000,7,0,0,4000000,57261464,17770368,25,0,0,12000724,0,265144672,265144672,0,0,0,PASS,56620890,17619872,PASS
ldadd,acqrel,hit,random,2048,4,1000000,200000,8,0,0,4000000,57262716,17769888,37,1,1,12000753,0,300494656,300494656,0,0,0,PASS,56620499,17568384,PASS
ldadd,acqrel,hit,random,2048,4,1000000,200000,9,0,0,4000000,57262796,17787776,48,0,0,12000691,0,335823488,335823488,0,0,0,PASS,56621344,17570048,PASS
ldadd,acqrel,hit,random,2048,8,1000000,200000,0,0,0,8000000,113819233,35376352,91,36,37,24001366,1204,35323456,35323456,0,0,0,PASS,112593852,34948256,PASS
ldadd,acqrel,hit,random,2048,8,1000000,200000,1,0,0,8000000,113816245,35321824,45,4,5,24001533,0,105574976,105574976,0,0,0,PASS,112593358,34929152,PASS
ldadd,acqrel,hit,random,2048,8,1000000,200000,2,0,0,8000000,113816761,35308064,44,0,2,24001345,0,175797280,175797280,0,0,0,PASS,112594858,34935136,PASS
ldadd,acqrel,hit,random,2048,8,1000000,200000,3,0,0,8000000,113815720,35306560,19,0,1,24001389,0,246024320,246024320,0,0,0,PASS,112592116,34930432,PASS
ldadd,acqrel,hit,random,2048,8,1000000,200000,4,0,0,8000000,113815593,35309600,31,0,0,24001482,0,316250304,316250304,0,0,0,PASS,112593632,34926976,PASS
ldadd,acqrel,hit,random,2048,8,1000000,200000,5,0,0,8000000,113817431,35310976,22,2,2,24001481,0,386471520,386471520,0,0,0,PASS,112593356,34924096,PASS
ldadd,acqrel,hit,random,2048,8,1000000,200000,6,0,0,8000000,113817061,35305120,33,0,0,24001449,0,456686112,456686112,0,0,0,PASS,112593081,34929120,PASS
ldadd,acqrel,hit,random,2048,8,1000000,200000,7,0,0,8000000,113816018,35308000,25,4,4,24001411,0,526908736,526908736,0,0,0,PASS,112593550,34926496,PASS
ldadd,acqrel,hit,random,2048,8,1000000,200000,8,0,0,8000000,113818744,35330912,43,1,1,24001836,0,597138400,597138400,0,0,0,PASS,112594808,34926240,PASS
ldadd,acqrel,hit,random,2048,8,1000000,200000,9,0,0,8000000,113817906,35315040,31,1,2,24001417,0,667365056,667365056,0,0,0,PASS,112593410,34936288,PASS
ldadd,acqrel,hit,random,2048,16,1000000,200000,0,0,0,16000000,226815483,70390496,83,26,62,48002902,336,70363584,70363584,0,0,0,PASS,224445262,69618176,PASS
ldadd,acqrel,hit,random,2048,16,1000000,200000,1,0,0,16000000,226817098,70345984,70,0,0,48003017,0,210308512,210308512,0,0,0,PASS,224443723,69611296,PASS
ldadd,acqrel,hit,random,2048,16,1000000,200000,2,0,0,16000000,226814266,70363200,58,6,6,48002970,0,350251328,350251328,0,0,0,PASS,224444918,69604800,PASS
ldadd,acqrel,hit,random,2048,16,1000000,200000,3,0,0,16000000,226815530,70345664,32,0,5,48003062,0,490186528,490186528,0,0,0,PASS,224442107,69602720,PASS
ldadd,acqrel,hit,random,2048,16,1000000,200000,4,0,0,16000000,226811758,70343200,57,0,1,48002912,0,630117920,630117920,0,0,0,PASS,224444452,69611328,PASS
ldadd,acqrel,hit,random,2048,16,1000000,200000,5,0,0,16000000,226814067,70382496,53,1,2,48003032,0,770073952,770073952,0,0,0,PASS,224442625,69631040,PASS
ldadd,acqrel,hit,random,2048,16,1000000,200000,6,0,0,16000000,226815243,70361280,38,0,4,48003246,0,910035712,910035712,0,0,0,PASS,224448392,69613312,PASS
ldadd,acqrel,hit,random,2048,16,1000000,200000,7,0,0,16000000,226814785,70369792,43,0,0,48002960,0,1050002368,1050002368,0,0,0,PASS,224444370,69618784,PASS
ldadd,acqrel,hit,random,2048,16,1000000,200000,8,0,0,16000000,226814251,70352352,32,0,2,48003179,0,1189951904,1189951904,0,0,0,PASS,224445445,69621408,PASS
ldadd,acqrel,hit,random,2048,16,1000000,200000,9,0,0,16000000,226805834,70368896,47,4,5,48003001,0,1329904864,1329904864,0,0,0,PASS,224444637,69611904,PASS
ldadd,acqrel,hit,random,2048,32,1000000,200000,0,0,0,32000000,452903360,140504672,99,20,50,96007454,714,140468608,140468608,0,0,0,PASS,451775753,140105312,PASS
ldadd,acqrel,hit,random,2048,32,1000000,200000,1,0,0,32000000,452902205,140453536,33,2,2,96007844,80,421009056,421009056,0,0,0,PASS,451756789,140090528,PASS
ldadd,acqrel,hit,random,2048,32,1000000,200000,2,0,0,32000000,452904313,140470144,38,7,11,96007853,0,701552896,701552896,0,0,0,PASS,451800256,140127968,PASS
ldadd,acqrel,hit,random,2048,32,1000000,200000,3,0,0,32000000,452901542,140447744,53,1,2,96007648,0,982084448,982084448,0,0,0,PASS,451749607,140096224,PASS
ldadd,acqrel,hit,random,2048,32,1000000,200000,4,0,0,32000000,452902367,140463104,35,0,1,96008156,0,1262608992,1262608992,0,0,0,PASS,451759103,140146112,PASS
ldadd,acqrel,hit,random,2048,32,1000000,200000,5,0,0,32000000,452903753,140435968,44,0,0,96008174,0,1543143360,1543143360,0,0,0,PASS,451783853,140100992,PASS
ldadd,acqrel,hit,random,2048,32,1000000,200000,6,0,0,32000000,452903333,140460416,40,0,1,96007885,0,1823674400,1823674400,0,0,0,PASS,451757300,140114816,PASS
ldadd,acqrel,hit,random,2048,32,1000000,200000,7,0,0,32000000,452904825,140458336,65,1,5,96008944,89,2104213920,2104213920,0,0,0,PASS,451758044,140117984,PASS
ldadd,acqrel,hit,random,2048,32,1000000,200000,8,0,0,32000000,452901740,140454720,43,1,5,96007941,99,2384764864,2384764864,0,0,0,PASS,451753897,140112544,PASS
ldadd,acqrel,hit,random,2048,32,1000000,200000,9,0,0,32000000,452903706,140533376,59,11,15,96007595,153,2665310720,2665310720,0,0,0,PASS,451757744,140121536,PASS
ldadd,acqrel,hit,random,2048,64,1000000,200000,0,0,0,64000000,905082982,280692512,88,25,78,192011715,1338,280669184,280669184,0,0,0,PASS,895886969,277896608,PASS
ldadd,acqrel,hit,random,2048,64,1000000,200000,1,0,0,64000000,905088728,280707648,139,2,7,192011541,0,839185408,839185408,0,0,0,PASS,895887925,277875008,PASS
ldadd,acqrel,hit,random,2048,64,1000000,200000,2,0,0,64000000,905084623,280693664,57,1,3,192012023,0,1397699008,1397699008,0,0,0,PASS,895885971,277841632,PASS
ldadd,acqrel,hit,random,2048,64,1000000,200000,3,0,0,64000000,905088650,280688000,66,5,5,192011796,0,1956204320,1956204320,0,0,0,PASS,895890140,277846400,PASS
ldadd,acqrel,hit,random,2048,64,1000000,200000,4,0,0,64000000,905084084,280697024,72,1,3,192012425,0,2514702336,2514702336,0,0,0,PASS,895883518,277825024,PASS
ldadd,acqrel,hit,random,2048,64,1000000,200000,5,0,0,64000000,905087316,280697408,121,5,7,192011952,0,3073173184,3073173184,0,0,0,PASS,895892651,277871776,PASS
ldadd,acqrel,hit,random,2048,64,1000000,200000,6,0,0,64000000,905085679,280681344,60,0,0,192012805,0,3631695840,3631695840,0,0,0,PASS,895889383,277861024,PASS
ldadd,acqrel,hit,random,2048,64,1000000,200000,7,0,0,64000000,905087314,280718944,54,0,4,192013382,0,4190241280,4190241280,0,0,0,PASS,895890601,277903104,PASS
ldadd,acqrel,hit,random,2048,64,1000000,200000,8,0,0,64000000,905086954,280724096,76,0,4,192011670,0,4748815104,4748815104,0,0,0,PASS,895889476,277896448,PASS
ldadd,acqrel,hit,random,2048,64,1000000,200000,9,0,0,64000000,905081418,280681632,64,2,2,192011963,0,5307341600,5307341600,0,0,0,PASS,895883258,277901792,PASS
ldadd,seqcst,miss,random,536870912,1,1000000,0,0,0,0,1000000,59873786,18649632,1000984,998533,1001416,3008084,55387916,18626304,18626304,0,0,0,PASS,52554129,16352224,PASS
ldadd,seqcst,miss,random,536870912,1,1000000,0,1,0,0,1000000,46418336,14436704,1001388,998465,998743,3012088,41081943,49391712,49391712,0,0,0,PASS,49294730,15341536,PASS
ldadd,seqcst,miss,random,536870912,1,1000000,0,2,0,0,1000000,46048525,14328320,1001380,998372,998655,3011194,40693463,79042272,79042272,0,0,0,PASS,48736817,15154656,PASS
ldadd,seqcst,miss,random,536870912,1,1000000,0,3,0,0,1000000,44982426,13994624,1001394,998348,998627,3012127,39548919,108172832,108172832,0,0,0,PASS,47780946,14861088,PASS
ldadd,seqcst,miss,random,536870912,1,1000000,0,4,0,0,1000000,44681605,13897248,1001376,998346,998626,3012309,39220518,136912576,136912576,0,0,0,PASS,47565621,14789152,PASS
ldadd,seqcst,miss,random,536870912,1,1000000,0,5,0,0,1000000,44307615,13780192,1001398,998399,998674,3011856,38822470,165462368,165462368,0,0,0,PASS,46842349,14567776,PASS
ldadd,seqcst,miss,random,536870912,1,1000000,0,6,0,0,1000000,43468779,13514880,1001335,998349,998630,3011489,37932145,193526880,193526880,0,0,0,PASS,45923481,14282848,PASS
ldadd,seqcst,miss,random,536870912,1,1000000,0,7,0,0,1000000,43028389,13378368,1001396,998368,998656,3011998,37444227,221171040,221171040,0,0,0,PASS,45777080,14235968,PASS
ldadd,seqcst,miss,random,536870912,1,1000000,0,8,0,0,1000000,42917132,13344032,1001418,998326,998605,3010994,37330813,248732320,248732320,0,0,0,PASS,45657976,14197728,PASS
ldadd,seqcst,miss,random,536870912,1,1000000,0,9,0,0,1000000,42802864,13366368,1001373,998426,998715,3011770,37222710,276233152,276233152,0,0,0,PASS,45512699,14148896,PASS
ldadd,seqcst,miss,random,536870912,2,1000000,0,0,0,0,2000000,113258023,35225440,2001406,1997318,1998686,6000917,105487124,35205088,35205088,0,0,0,PASS,104614853,32522080,PASS
ldadd,seqcst,miss,random,536870912,2,1000000,0,1,0,0,2000000,101995232,31696064,2002156,1996727,1997166,6000841,94077127,99399456,99399456,0,0,0,PASS,101757335,31624512,PASS
ldadd,seqcst,miss,random,536870912,2,1000000,0,2,0,0,2000000,101498841,31539872,2002256,1996704,1997212,6000809,93567557,162542048,162542048,0,0,0,PASS,101062171,31407744,PASS
ldadd,seqcst,miss,random,536870912,2,1000000,0,3,0,0,2000000,100684131,31307648,2002301,1996784,1997194,6000805,92716777,225227584,225227584,0,0,0,PASS,100589809,31251200,PASS
ldadd,seqcst,miss,random,536870912,2,1000000,0,4,0,0,2000000,100100218,31104864,2002369,1996753,1997223,6000810,92114274,287561440,287561440,0,0,0,PASS,99992303,31069184,PASS
ldadd,seqcst,miss,random,536870912,2,1000000,0,5,0,0,2000000,99837138,31023136,2002292,1996817,1997229,6000822,91836758,349631872,349631872,0,0,0,PASS,99590596,30944576,PASS
ldadd,seqcst,miss,random,536870912,2,1000000,0,6,0,0,2000000,99422865,31350560,2002140,1996896,1997378,6002170,91399632,411605152,411605152,0,0,0,PASS,99067024,30784224,PASS
ldadd,seqcst,miss,random,536870912,2,1000000,0,7,0,0,2000000,99105765,30831232,2002246,1996832,1997267,6000782,91092170,473170400,473170400,0,0,0,PASS,98839454,30712480,PASS
ldadd,seqcst,miss,random,536870912,2,1000000,0,8,0,0,2000000,98765695,30696192,2002281,1996713,1997181,6000806,90729552,534557184,534557184,0,0,0,PASS,98859339,30714944,PASS
ldadd,seqcst,miss,random,536870912,2,1000000,0,9,0,0,2000000,97986747,30453536,2002349,1996758,1997268,6000811,89932681,595702304,595702304,0,0,0,PASS,97751697,30370208,PASS
ldadd,seqcst,miss,random,536870912,4,1000000,0,0,0,0,4000000,225591370,70169920,4002569,3994500,3999227,12627853,210604597,70123008,70123008,0,0,0,PASS,243770969,75785952,PASS
ldadd,seqcst,miss,random,536870912,4,1000000,0,1,0,0,4000000,223819310,69572064,4002742,3993470,3994518,12633366,208811020,215417536,215417536,0,0,0,PASS,243340154,75593248,PASS
ldadd,seqcst,miss,random,536870912,4,1000000,0,2,0,0,4000000,223484634,69482816,4002855,3993323,3994253,12638544,208475598,360419008,360419008,0,0,0,PASS,243198171,75550528,PASS
ldadd,seqcst,miss,random,536870912,4,1000000,0,3,0,0,4000000,223502112,69471424,4002815,3993453,3994410,12633037,208491536,505396096,505396096,0,0,0,PASS,243192281,75549376,PASS
ldadd,seqcst,miss,random,536870912,4,1000000,0,4,0,0,4000000,223486660,69421920,4002790,3993366,3994312,12640450,208474470,650338688,650338688,0,0,0,PASS,243160393,75540928,PASS
ldadd,seqcst,miss,random,536870912,4,1000000,0,5,0,0,4000000,223481880,69463360,4002757,3993783,3994825,12636453,208472289,795299584,795299584,0,0,0,PASS,243111234,75546208,PASS
ldadd,seqcst,miss,random,536870912,4,1000000,0,6,0,0,4000000,223368967,69395584,4002812,3993813,3994824,12647169,208344836,940197344,940197344,0,0,0,PASS,243080793,75519680,PASS
ldadd,seqcst,miss,random,536870912,4,1000000,0,7,0,0,4000000,223417845,69414976,4002732,3993496,3994684,12637251,208404672,1085101824,1085101824,0,0,0,PASS,242947167,75465920,PASS
ldadd,seqcst,miss,random,536870912,4,1000000,0,8,0,0,4000000,223418053,69410912,4002822,3993823,3994851,12641705,208400360,1229947552,1229947552,0,0,0,PASS,243045064,75553728,PASS
ldadd,seqcst,miss,random,536870912,4,1000000,0,9,0,0,4000000,223361399,69389504,4002810,3993664,3994671,12638995,208346948,1374817024,1374817024,0,0,0,PASS,243020319,75487296,PASS
ldadd,seqcst,miss,random,536870912,8,1000000,0,0,0,0,8000000,450649713,140056832,8004507,7988234,7993056,24004282,424004295,140012224,140012224,0,0,0,PASS,450636670,139975712,PASS
ldadd,seqcst,miss,random,536870912,8,1000000,0,1,0,0,8000000,450660483,140044384,8004153,7988739,7990924,24004258,424000467,419952288,419952288,0,0,0,PASS,450674836,140043424,PASS
ldadd,seqcst,miss,random,536870912,8,1000000,0,2,0,0,8000000,450639269,139981632,8006444,7987468,7989676,24004308,423983766,699889888,699889888,0,0,0,PASS,450556794,139995232,PASS
ldadd,seqcst,miss,random,536870912,8,1000000,0,3,0,0,8000000,450638788,139955616,8011663,7988003,7990179,24004264,423978444,979763968,979763968,0,0,0,PASS,450753593,140037504,PASS
ldadd,seqcst,miss,random,536870912,8,1000000,0,4,0,0,8000000,450382261,139917856,8004272,7987836,7989976,24004252,423731564,1259649504,1259649504,0,0,0,PASS,450524745,139935328,PASS
ldadd,seqcst,miss,random,536870912,8,1000000,0,5,0,0,8000000,450415953,139907776,8004464,7987264,7989339,24004286,423760838,1539460928,1539460928,0,0,0,PASS,450584459,140002208,PASS
ldadd,seqcst,miss,random,536870912,8,1000000,0,6,0,0,8000000,450365858,139959040,8005592,7987291,7989449,24004252,423706665,1819333664,1819333664,0,0,0,PASS,450282506,139858912,PASS
ldadd,seqcst,miss,random,536870912,8,1000000,0,7,0,0,8000000,450350468,139923872,8005031,7987450,7989573,24004297,423694088,2099057184,2099057184,0,0,0,PASS,450266266,139852448,PASS
ldadd,seqcst,miss,random,536870912,8,1000000,0,8,0,0,8000000,450300757,139996000,8004807,7986965,7989124,24004298,423640085,2378795360,2378795360,0,0,0,PASS,450249631,139866336,PASS
ldadd,seqcst,miss,random,536870912,8,1000000,0,9,0,0,8000000,450221992,139917280,8010554,7987203,7989360,24004270,423565542,2658467936,2658467936,0,0,0,PASS,450131416,139869504,PASS
ldadd,seqcst,miss,random,536870912,16,1000000,0,0,0,0,16000000,901618100,280123360,16012386,15973654,15979914,48008811,848462481,280035104,280035104,0,0,0,PASS,901407473,279921952,PASS
ldadd,seqcst,miss,random,536870912,16,1000000,0,1,0,0,16000000,901308746,279931168,16012636,15974185,15978200,48008828,848162466,839839456,839839456,0,0,0,PASS,901192996,279951264,PASS
ldadd,seqcst,miss,random,536870912,16,1000000,0,2,0,0,16000000,901123427,279857344,16012425,15972500,15976363,48008835,847985238,1399574656,1399574656,0,0,0,PASS,901085996,279982720,PASS
ldadd,seqcst,miss,random,536870912,16,1000000,0,3,0,0,16000000,901133355,279995936,16012457,15973026,15976662,48008833,847983380,1959339040,1959339040,0,0,0,PASS,901208517,279935264,PASS
ldadd,seqcst,miss,random,536870912,16,1000000,0,4,0,0,16000000,900959969,279877696,16012121,15973064,15976742,48008913,847813982,2519063232,2519063232,0,0,0,PASS,900847791,279825152,PASS
ldadd,seqcst,miss,random,536870912,16,1000000,0,5,0,0,16000000,900897410,279830720,16012437,15972758,15976412,48008733,847750549,3078628480,3078628480,0,0,0,PASS,901193513,279925120,PASS
ldadd,seqcst,miss,random,536870912,16,1000000,0,6,0,0,16000000,901046580,279900064,16012410,15972572,15976176,48008823,847892795,3638348800,3638348800,0,0,0,PASS,900967197,279945472,PASS
ldadd,seqcst,miss,random,536870912,16,1000000,0,7,0,0,16000000,900903356,279927232,16012472,15974121,15977731,48008787,847761197,4198034048,4198034048,0,0,0,PASS,900935576,279833760,PASS
ldadd,seqcst,miss,random,536870912,16,1000000,0,8,0,0,16000000,900862370,279808288,16012519,15972957,15976724,48008831,847713876,4757623456,4757623456,0,0,0,PASS,900783980,279836608,PASS
ldadd,seqcst,miss,random,536870912,16,1000000,0,9,0,0,16000000,900954463,279807296,16012740,15972371,15976035,48008754,847797792,5317199744,5317199744,0,0,0,PASS,900904425,279890784,PASS
ldadd,seqcst,miss,random,536870912,32,1000000,0,0,0,0,32000000,1803189462,560198496,32018962,31945045,31957380,96017808,1698882015,560040448,560040448,0,0,0,PASS,1802811299,559943072,PASS
ldadd,seqcst,miss,random,536870912,32,1000000,0,1,0,0,32000000,1802756134,560026816,32020591,31944604,31953448,96017852,1698445458,1679860704,1679860704,0,0,0,PASS,1802654002,560038848,PASS
ldadd,seqcst,miss,random,536870912,32,1000000,0,2,0,0,32000000,1803016262,560074400,32020393,31944460,31952899,96017825,1698687825,2799755424,2799755424,0,0,0,PASS,1802813583,559945024,PASS
ldadd,seqcst,miss,random,536870912,32,1000000,0,3,0,0,32000000,1802631447,559980992,32020548,31944644,31953015,96017868,1698320895,3919495584,3919495584,0,0,0,PASS,1802682752,560092832,PASS
ldadd,seqcst,miss,random,536870912,32,1000000,0,4,0,0,32000000,1802579313,559801312,32020734,31944561,31952942,96017864,1698253823,5039201024,5039201024,0,0,0,PASS,1802481458,559875328,PASS
ldadd,seqcst,miss,random,536870912,32,1000000,0,5,0,0,32000000,1802678573,559873952,32020661,31944283,31952869,96017910,1698376913,6158746304,6158746304,0,0,0,PASS,1803310654,560174176,PASS
ldadd,seqcst,miss,random,536870912,32,1000000,0,6,0,0,32000000,1802949638,559965088,32020524,31944419,31953182,96017862,1698602343,7278724224,7278724224,0,0,0,PASS,1802816116,560024640,PASS
ldadd,seqcst,miss,random,536870912,32,1000000,0,7,0,0,32000000,1802936939,560063392,32020791,31944654,31953083,96017792,1698637592,8398548032,8398548032,0,0,0,PASS,1802834810,559922208,PASS
ldadd,seqcst,miss,random,536870912,32,1000000,0,8,0,0,32000000,1802814567,559939744,32020465,31944374,31952709,96017897,1698505040,9518287200,9518287200,0,0,0,PASS,1802803350,560049344,PASS
ldadd,seqcst,miss,random,536870912,32,1000000,0,9,0,0,32000000,1802863656,559977920,32020711,31944342,31952929,96017865,1698565771,10638073376,10638073376,0,0,0,PASS,1802768109,559827968,PASS
ldadd,seqcst,miss,random,536870912,64,1000000,0,0,0,0,64000000,3607212176,1120596384,64038584,63891579,63908603,192036015,3401042580,1120290656,1120290656,0,0,0,PASS,3607350156,1120412000,PASS
ldadd,seqcst,miss,random,536870912,64,1000000,0,1,0,0,64000000,3607477856,1120727072,64036137,63889868,63903900,192036003,3401364464,3361049792,3361049792,0,0,0,PASS,3607062401,1120237088,PASS
ldadd,seqcst,miss,random,536870912,64,1000000,0,2,0,0,64000000,3606811877,1120596640,64036182,63889776,63903840,192036087,3400687399,5601548096,5601548096,0,0,0,PASS,3608331365,1120845280,PASS
ldadd,seqcst,miss,random,536870912,64,1000000,0,3,0,0,64000000,3610000102,1121397888,64036146,63889799,63904012,192036084,3403892302,7843445504,7843445504,0,0,0,PASS,3608795659,1120995904,PASS
ldadd,seqcst,miss,random,536870912,64,1000000,0,4,0,0,64000000,3608927876,1120943328,64036414,63888960,63903168,192036078,3402799016,10085092768,10085092768,0,0,0,PASS,3608913476,1121220992,PASS
ldadd,seqcst,miss,random,536870912,64,1000000,0,5,0,0,64000000,3608607421,1120786752,64036314,63888497,63903014,192036028,3402457551,12326774432,12326774432,0,0,0,PASS,3608377361,1120987936,PASS
ldadd,seqcst,miss,random,536870912,64,1000000,0,6,0,0,64000000,3607853841,1120628384,64036627,63889203,63903736,192036041,3401719906,14568039360,14568039360,0,0,0,PASS,3608086166,1120835552,PASS
ldadd,seqcst,miss,random,536870912,64,1000000,0,7,0,0,64000000,3608516879,1120774752,64036485,63891121,63905154,192036017,3402393929,16809319904,16809319904,0,0,0,PASS,3607033428,1120442688,PASS
ldadd,seqcst,miss,random,536870912,64,1000000,0,8,0,0,64000000,3607798032,1120781504,64036958,63889859,63904045,192036082,3401638652,19050172800,19050172800,0,0,0,PASS,3607613256,1120660512,PASS
ldadd,seqcst,miss,random,536870912,64,1000000,0,9,0,0,64000000,3607740550,1120920672,64036106,63889821,63903813,192035988,3401642147,21291387712,21291387712,0,0,0,PASS,3608182539,1120692192,PASS
ldadd,seqcst,hit,random,2048,1,1000000,200000,0,0,0,1000000,14837978,4620480,38,34,56,3000114,457,4610592,4610592,0,0,0,PASS,14707961,4611200,PASS
ldadd,seqcst,hit,random,2048,1,1000000,200000,1,0,0,1000000,14838037,4637216,47,8,12,3000157,578,13834144,13834144,0,0,0,PASS,14707460,4581088,PASS
ldadd,seqcst,hit,random,2048,1,1000000,200000,2,0,0,1000000,14837358,4619008,31,0,0,3000158,0,23015456,23015456,0,0,0,PASS,14705236,4574912,PASS
ldadd,seqcst,hit,random,2048,1,1000000,200000,3,0,0,1000000,14836915,4617248,34,0,1,3000176,0,32193632,32193632,0,0,0,PASS,14706078,4574144,PASS
ldadd,seqcst,hit,random,2048,1,1000000,200000,4,0,0,1000000,14838286,4614752,26,0,4,3000158,0,41368192,41368192,0,0,0,PASS,14704711,4574080,PASS
ldadd,seqcst,hit,random,2048,1,1000000,200000,5,0,0,1000000,14839722,4615904,25,0,0,3000115,0,50544192,50544192,0,0,0,PASS,14704351,4585824,PASS
ldadd,seqcst,hit,random,2048,1,1000000,200000,6,0,0,1000000,14840138,4617088,25,0,1,3000134,0,59732832,59732832,0,0,0,PASS,14707318,4575296,PASS
ldadd,seqcst,hit,random,2048,1,1000000,200000,7,0,0,1000000,14837711,4614560,20,0,0,3000115,0,68908576,68908576,0,0,0,PASS,14705891,4573440,PASS
ldadd,seqcst,hit,random,2048,1,1000000,200000,8,0,0,1000000,14838071,4615744,26,0,2,3000155,0,78083680,78083680,0,0,0,PASS,14705743,4575296,PASS
ldadd,seqcst,hit,random,2048,1,1000000,200000,9,0,0,1000000,14841792,4616576,26,0,0,3000114,0,87261568,87261568,0,0,0,PASS,14706599,4573888,PASS
ldadd,seqcst,hit,random,2048,2,1000000,200000,0,0,0,2000000,28958335,9031072,58,31,51,6000321,1044,9011424,9011424,0,0,0,PASS,28831510,9006016,PASS
ldadd,seqcst,hit,random,2048,2,1000000,200000,1,0,0,2000000,28957789,8998080,30,1,2,6000269,1044,26965856,26965856,0,0,0,PASS,28832215,8957088,PASS
ldadd,seqcst,hit,random,2048,2,1000000,200000,2,0,0,2000000,28956758,8996608,14,0,0,6000344,0,44905376,44905376,0,0,0,PASS,28833300,8966016,PASS
ldadd,seqcst,hit,random,2048,2,1000000,200000,3,0,0,2000000,28956219,8993952,18,0,16,6000349,0,62851328,62851328,0,0,0,PASS,28831541,8955744,PASS
ldadd,seqcst,hit,random,2048,2,1000000,200000,4,0,0,2000000,28957812,9034144,20,1,1,6000366,0,80792224,80792224,0,0,0,PASS,28831172,8957472,PASS
ldadd,seqcst,hit,random,2048,2,1000000,200000,5,0,0,2000000,28958800,8997280,22,0,0,6000344,0,98732928,98732928,0,0,0,PASS,28829628,8955648,PASS
ldadd,seqcst,hit,random,2048,2,1000000,200000,6,0,0,2000000,28957497,8995456,20,0,13,6000318,0,116670144,116670144,0,0,0,PASS,28830388,8954464,PASS
ldadd,seqcst,hit,random,2048,2,1000000,200000,7,0,0,2000000,28955807,8992448,17,0,0,6000293,0,134602976,134602976,0,0,0,PASS,28832315,8955968,PASS
ldadd,seqcst,hit,random,2048,2,1000000,200000,8,0,0,2000000,28956205,8993984,16,0,0,6000316,0,152538624,152538624,0,0,0,PASS,28832329,8955776,PASS
ldadd,seqcst,hit,random,2048,2,1000000,200000,9,0,0,2000000,28955744,8993856,12,0,0,6000318,0,170474368,170474368,0,0,0,PASS,28831129,8955840,PASS
ldadd,seqcst,hit,random,2048,4,1000000,200000,0,0,0,4000000,57263683,17828768,58,33,57,12000585,1469,17809248,17809248,0,0,0,PASS,57090845,17725824,PASS
ldadd,seqcst,hit,random,2048,4,1000000,200000,1,0,0,4000000,57261637,17786496,28,0,0,12000840,0,53304736,53304736,0,0,0,PASS,57089225,17717792,PASS
ldadd,seqcst,hit,random,2048,4,1000000,200000,2,0,0,4000000,57263145,17812192,31,1,18,12000638,27,88806752,88806752,0,0,0,PASS,57090593,17723776,PASS
ldadd,seqcst,hit,random,2048,4,1000000,200000,3,0,0,4000000,57262037,17769152,14,0,16,12000635,0,124285632,124285632,0,0,0,PASS,57089099,17721216,PASS
ldadd,seqcst,hit,random,2048,4,1000000,200000,4,0,0,4000000,57262704,17785024,22,0,2,12000723,0,159768160,159768160,0,0,0,PASS,57090525,17718176,PASS
ldadd,seqcst,hit,random,2048,4,1000000,200000,5,0,0,4000000,57263021,17776384,22,0,1,12000717,0,195248416,195248416,0,0,0,PASS,57090417,17720992,PASS
ldadd,seqcst,hit,random,2048,4,1000000,200000,6,0,0,4000000,57261618,17774848,32,0,6,12000585,0,230729664,230729664,0,0,0,PASS,57089542,17720416,PASS
ldadd,seqcst,hit,random,2048,4,1000000,200000,7,0,0,4000000,57262609,17784640,26,0,11,12000696,0,266208576,266208576,0,0,0,PASS,57090799,17720384,PASS
ldadd,seqcst,hit,random,2048,4,1000000,200000,8,0,0,4000000,57261891,17773440,17,0,3,12000752,0,301688352,301688352,0,0,0,PASS,57089846,17723808,PASS
ldadd,seqcst,hit,random,2048,4,1000000,200000,9,0,0,4000000,57262971,17824096,37,0,1,12000667,0,337176384,337176384,0,0,0,PASS,57089812,17721760,PASS
ldadd,seqcst,hit,random,2048,8,1000000,200000,0,0,0,8000000,113818051,35327712,44,18,36,24001337,1006,35316640,35316640,0,0,0,PASS,113607613,35275040,PASS
ldadd,seqcst,hit,random,2048,8,1000000,200000,1,0,0,8000000,113815188,35317056,27,1,3,24001449,117,105888288,105888288,0,0,0,PASS,113606686,35244512,PASS
ldadd,seqcst,hit,random,2048,8,1000000,200000,2,0,0,8000000,113817909,35330560,40,0,16,24001508,0,176434592,176434592,0,0,0,PASS,113606734,35272864,PASS
ldadd,seqcst,hit,random,2048,8,1000000,200000,3,0,0,8000000,113817113,35310208,29,0,0,24001393,0,246980224,246980224,0,0,0,PASS,113607362,35245984,PASS
ldadd,seqcst,hit,random,2048,8,1000000,200000,4,0,0,8000000,113817082,35310336,23,0,0,24001591,0,317522336,317522336,0,0,0,PASS,113608243,35248768,PASS
ldadd,seqcst,hit,random,2048,8,1000000,200000,5,0,0,8000000,113817733,35312544,24,2,4,24001414,0,388067456,388067456,0,0,0,PASS,113607199,35243264,PASS
ldadd,seqcst,hit,random,2048,8,1000000,200000,6,0,0,8000000,113816364,35314656,22,0,0,24001330,0,458609728,458609728,0,0,0,PASS,113607680,35244864,PASS
ldadd,seqcst,hit,random,2048,8,1000000,200000,7,0,0,8000000,113817203,35312640,22,0,0,24001654,0,529153184,529153184,0,0,0,PASS,113609350,35246688,PASS
ldadd,seqcst,hit,random,2048,8,1000000,200000,8,0,0,8000000,113817807,35313568,22,0,2,24001628,0,599699136,599699136,0,0,0,PASS,113607360,35241856,PASS
ldadd,seqcst,hit,random,2048,8,1000000,200000,9,0,0,8000000,113817310,35309472,24,1,12,24001369,952,670236352,670236352,0,0,0,PASS,113608076,35245024,PASS
ldadd,seqcst,hit,random,2048,16,1000000,200000,0,0,0,16000000,226809896,70370688,82,25,40,48002961,718,70361984,70361984,0,0,0,PASS,226744764,70339968,PASS
ldadd,seqcst,hit,random,2048,16,1000000,200000,1,0,0,16000000,226809589,70364512,52,6,12,48002876,0,211049152,211049152,0,0,0,PASS,226744101,70382848,PASS
ldadd,seqcst,hit,random,2048,16,1000000,200000,2,0,0,16000000,226814370,70359584,34,0,1,48002919,0,351756480,351756480,0,0,0,PASS,226743820,70340576,PASS
ldadd,seqcst,hit,random,2048,16,1000000,200000,3,0,0,16000000,226815457,70360160,26,0,0,48003127,0,492443008,492443008,0,0,0,PASS,226743833,70333152,PASS
ldadd,seqcst,hit,random,2048,16,1000000,200000,4,0,0,16000000,226815084,70355328,29,0,0,48002972,0,633116224,633116224,0,0,0,PASS,226742813,70338624,PASS
ldadd,seqcst,hit,random,2048,16,1000000,200000,5,0,0,16000000,226815355,70400064,46,0,5,48003050,0,773803200,773803200,0,0,0,PASS,226742117,70330144,PASS
ldadd,seqcst,hit,random,2048,16,1000000,200000,6,0,0,16000000,226812005,70350336,47,0,1,48002725,0,914469312,914469312,0,0,0,PASS,226743151,70359392,PASS
ldadd,seqcst,hit,random,2048,16,1000000,200000,7,0,0,16000000,226809210,70359488,42,1,1,48002960,0,1055149888,1055149888,0,0,0,PASS,226743102,70334688,PASS
ldadd,seqcst,hit,random,2048,16,1000000,200000,8,0,0,16000000,226809208,70408896,65,0,1,48002963,0,1195856288,1195856288,0,0,0,PASS,226743367,70331264,PASS
ldadd,seqcst,hit,random,2048,16,1000000,200000,9,0,0,16000000,226816434,70352832,52,1,1,48003012,0,1336525888,1336525888,0,0,0,PASS,226743004,70344672,PASS
ldadd,seqcst,hit,random,2048,32,1000000,200000,0,0,0,32000000,452904255,140502560,107,41,74,96006273,1217,140473568,140473568,0,0,0,PASS,452940625,140496704,PASS
ldadd,seqcst,hit,random,2048,32,1000000,200000,1,0,0,32000000,452903113,140485152,66,0,0,96006321,0,421436096,421436096,0,0,0,PASS,452940788,140506400,PASS
ldadd,seqcst,hit,random,2048,32,1000000,200000,2,0,0,32000000,452898211,140465568,63,3,5,96005932,0,702385152,702385152,0,0,0,PASS,452936596,140498528,PASS
ldadd,seqcst,hit,random,2048,32,1000000,200000,3,0,0,32000000,452898095,140470304,76,0,0,96006125,0,983320256,983320256,0,0,0,PASS,452940323,140503808,PASS
ldadd,seqcst,hit,random,2048,32,1000000,200000,4,0,0,32000000,452899055,140509888,72,2,16,96006589,0,1264297408,1264297408,0,0,0,PASS,452939426,140514912,PASS
ldadd,seqcst,hit,random,2048,32,1000000,200000,5,0,0,32000000,452900468,140511520,88,0,1,96006017,0,1545280192,1545280192,0,0,0,PASS,452937202,140505920,PASS
ldadd,seqcst,hit,random,2048,32,1000000,200000,6,0,0,32000000,452905823,140505312,84,5,5,96006017,0,1826244672,1826244672,0,0,0,PASS,452941729,140529824,PASS
ldadd,seqcst,hit,random,2048,32,1000000,200000,7,0,0,32000000,452900137,140510240,96,1,6,96006132,0,2107261440,2107261440,0,0,0,PASS,452938597,140524480,PASS
ldadd,seqcst,hit,random,2048,32,1000000,200000,8,0,0,32000000,452899338,140583840,92,7,7,96006443,0,2388265632,2388265632,0,0,0,PASS,452940413,140505888,PASS
ldadd,seqcst,hit,random,2048,32,1000000,200000,9,0,0,32000000,452900091,140498688,80,0,0,96005925,0,2669245760,2669245760,0,0,0,PASS,452941453,140520160,PASS
ldadd,seqcst,hit,random,2048,64,1000000,200000,0,0,0,64000000,905086089,280743968,141,31,49,192015729,508,280735424,280735424,0,0,0,PASS,911755557,282868160,PASS
ldadd,seqcst,hit,random,2048,64,1000000,200000,1,0,0,64000000,905087739,280764320,205,6,12,192015461,99,844259040,844259040,0,0,0,PASS,911768856,282818848,PASS
ldadd,seqcst,hit,random,2048,64,1000000,200000,2,0,0,64000000,905087344,280712928,122,1,5,192016079,0,1407766880,1407766880,0,0,0,PASS,911743000,282764416,PASS
ldadd,seqcst,hit,random,2048,64,1000000,200000,3,0,0,64000000,905085758,280741664,131,0,1,192015602,0,1971244416,1971244416,0,0,0,PASS,911748111,282813024,PASS
ldadd,seqcst,hit,random,2048,64,1000000,200000,4,0,0,64000000,905090185,280763392,226,2,19,192016085,434,2534743552,2534743552,0,0,0,PASS,911743924,282783680,PASS
ldadd,seqcst,hit,random,2048,64,1000000,200000,5,0,0,64000000,905084987,280706112,138,11,11,192016074,0,3098181088,3098181088,0,0,0,PASS,911753476,282804096,PASS
ldadd,seqcst,hit,random,2048,64,1000000,200000,6,0,0,64000000,905089268,280711680,137,0,2,192015634,0,3661675680,3661675680,0,0,0,PASS,911700127,282794848,PASS
ldadd,seqcst,hit,random,2048,64,1000000,200000,7,0,0,64000000,905086329,280718240,131,0,2,192015702,0,4225153728,4225153728,0,0,0,PASS,911702349,282803008,PASS
ldadd,seqcst,hit,random,2048,64,1000000,200000,8,0,0,64000000,905089656,280757408,211,1,1,192015076,0,4788624704,4788624704,0,0,0,PASS,911709934,282791008,PASS
ldadd,seqcst,hit,random,2048,64,1000000,200000,9,0,0,64000000,905088390,280710848,130,1,1,192014999,0,5352099808,5352099808,0,0,0,PASS,911711578,282763072,PASS
