treatment,placement,condition,pattern,ws_bytes,stores,iters,repeats,base_cyc_iter,base_ns_iter,var_cyc_iter,var_ns_iter,incr_cyc_iter,incr_ns_iter,base_cyc_op,var_cyc_op,incr_cyc_op,base_l1_acc,base_l2_acc,base_ll_acc,base_mem_acc,base_stall_frac,base_mux,base_cs,base_mig,base_pf,base_pass,base_tot,treat_pass,treat_tot
dmb_ish,after_group,l1,random,2048,1,1000000,10,5.86,1.84,14.06,4.38,8.20,2.54,5.8642,14.0595,8.1955,0.0000,0.0000,0.0000,3.0000,0.0000,1.0000,0,0,0,10,10,10,10
dmb_ish,after_group,l1,random,2048,2,1000000,10,8.19,2.56,16.44,5.11,8.25,2.56,4.0947,8.2190,4.1252,0.0000,0.0000,0.0000,2.5000,0.0000,1.0000,0,0,0,10,10,10,10
dmb_ish,after_group,l1,random,2048,4,1000000,10,15.29,4.75,20.68,6.43,5.39,1.67,3.8216,5.1688,1.3478,0.0000,0.0000,0.0000,2.2500,0.0000,1.0000,0,0,0,10,10,10,10
dmb_ish,after_group,l1,random,2048,8,1000000,10,29.37,9.12,28.92,8.99,-0.44,-0.12,3.6707,3.6147,-0.0547,0.0000,0.0000,0.0000,2.1250,0.0000,1.0000,0,0,0,10,10,10,10
dmb_ish,after_group,l1,random,2048,16,1000000,10,55.89,17.35,55.56,17.24,-0.31,-0.10,3.4929,3.4723,-0.0192,0.0000,0.0000,0.0000,2.0625,0.0000,1.0000,0,0,0,10,10,10,10
dmb_ish,after_group,l1,random,2048,32,1000000,10,109.18,33.87,108.74,33.74,-0.42,-0.13,3.4119,3.3982,-0.0132,0.0000,0.0000,0.0000,2.0313,0.0000,1.0000,0,0,0,10,10,10,10
dmb_ish,after_group,l1,random,2048,64,1000000,10,219.56,68.09,217.11,67.33,-2.46,-0.77,3.4306,3.3924,-0.0384,0.0000,0.0000,0.0000,2.0156,0.0000,1.0000,0,0,0,10,10,10,10
dmb_ish,after_group,l2,random,524288,1,1000000,10,14.68,4.57,21.68,6.75,7.03,2.20,14.6822,21.6771,7.0279,1.8874,0.1581,0.1739,3.0000,0.5367,1.0000,0,0,0,10,10,10,10
dmb_ish,after_group,l2,random,524288,2,1000000,10,20.39,6.34,29.14,9.06,8.95,2.78,10.1948,14.5710,4.4726,1.3522,0.1043,0.1953,2.5000,0.5114,1.0000,0,0,0,10,10,10,10
dmb_ish,after_group,l2,random,524288,4,1000000,10,28.02,8.72,41.38,12.86,13.33,4.14,7.0054,10.3447,3.3322,1.0761,0.0691,0.1864,2.2500,0.4544,1.0000,0,0,0,10,10,10,10
dmb_ish,after_group,l2,random,524288,8,1000000,10,44.37,13.79,67.79,21.06,23.64,7.35,5.5468,8.4732,2.9551,0.9281,0.0671,0.1634,2.1250,0.3781,1.0000,0,0,0,10,10,10,10
dmb_ish,after_group,l2,random,524288,16,1000000,10,72.61,22.55,85.41,26.52,12.81,3.97,4.5383,5.3384,0.8005,0.8550,0.0170,0.0723,2.0629,0.2207,1.0000,0,0,0,10,10,10,10
dmb_ish,after_group,l2,random,524288,32,1000000,10,120.33,37.38,123.36,38.30,3.06,0.95,3.7605,3.8549,0.0955,0.8159,0.0034,0.0120,2.0316,0.0686,1.0000,0,0,0,10,10,10,10
dmb_ish,after_group,l2,random,524288,64,1000000,10,232.09,72.06,232.77,72.27,0.65,0.20,3.6264,3.6370,0.0101,0.7972,0.0023,0.0093,2.0160,0.0498,1.0000,0,0,0,10,10,10,10
dmb_ish,after_group,l3,random,8388608,1,1000000,10,22.96,7.15,36.78,11.44,13.91,4.31,22.9633,36.7845,13.9101,1.9920,0.9684,1.9250,3.0001,0.8028,1.0000,0,0,0,10,10,10,10
dmb_ish,after_group,l3,random,8388608,2,1000000,10,25.71,8.00,47.16,14.66,21.64,6.72,12.8568,23.5812,10.8200,1.4894,0.5453,1.3982,2.5001,0.7095,1.0000,0,0,0,10,10,10,10
dmb_ish,after_group,l3,random,8388608,4,1000000,10,32.09,9.99,68.77,21.37,36.80,11.42,8.0214,17.1922,9.1994,1.2378,0.4090,1.1299,2.2500,0.5874,1.0000,0,0,0,10,10,10,10
dmb_ish,after_group,l3,random,8388608,8,1000000,10,58.50,18.18,116.85,36.28,58.90,18.29,7.3123,14.6057,7.3625,1.1112,0.4026,0.9858,2.1250,0.5455,1.0000,0,0,0,10,10,10,10
dmb_ish,after_group,l3,random,8388608,16,1000000,10,119.01,36.98,216.08,67.10,97.06,30.13,7.4383,13.5050,6.0665,1.0480,0.4324,0.9242,2.0625,0.5612,1.0000,0,0,0,10,10,10,10
dmb_ish,after_group,l3,random,8388608,32,1000000,10,215.96,67.06,327.05,101.57,111.40,34.55,6.7489,10.2204,3.4814,1.0164,0.3539,0.8648,2.0313,0.5289,1.0000,0,0,0,10,10,10,10
dmb_ish,after_group,l3,random,8388608,64,1000000,10,355.93,110.53,508.07,157.73,152.24,47.23,5.5614,7.9386,2.3787,1.0002,0.3060,0.8275,2.0156,0.4352,1.0000,0,0,0,10,10,10,10
dmb_ish,after_group,dram,random,536870912,1,1000000,10,312.71,97.23,321.09,99.89,7.61,2.41,312.7129,321.0906,7.6061,1.9998,2.4522,6.3458,3.0007,0.9314,1.0000,0,0,0,10,10,10,10
dmb_ish,after_group,dram,random,536870912,2,1000000,10,467.73,145.42,482.57,149.97,14.54,4.46,233.8628,241.2826,7.2698,1.4998,1.5776,2.4507,2.5006,0.9650,1.0000,0,0,0,10,10,10,10
dmb_ish,after_group,dram,random,536870912,4,1000000,10,610.61,189.83,621.05,193.07,9.15,2.90,152.6515,155.2616,2.2863,1.2499,1.3495,1.8922,2.2504,0.9683,1.0000,0,0,0,10,10,10,10
dmb_ish,after_group,dram,random,536870912,8,1000000,10,685.23,213.01,684.53,212.77,-0.78,-0.24,85.6542,85.5664,-0.0978,1.1276,1.2227,1.5757,2.1252,0.9520,1.0000,0,0,0,10,10,10,10
dmb_ish,after_group,dram,random,536870912,16,1000000,10,759.37,236.10,923.18,286.84,164.04,51.00,47.4608,57.6987,10.2522,1.0623,0.9916,1.2928,2.0627,0.9198,1.0000,0,0,0,10,10,10,10
dmb_ish,after_group,dram,random,536870912,32,1000000,10,844.20,262.37,1080.89,335.82,237.46,73.70,26.3811,33.7777,7.4206,1.0312,0.5017,1.0671,2.0313,0.8673,1.0000,0,0,0,10,10,10,10
dmb_ish,after_group,dram,random,536870912,64,1000000,10,1087.90,338.10,1435.47,446.06,347.89,107.92,16.9985,22.4293,5.4357,1.0156,0.2472,1.0281,2.0157,0.7885,1.0000,0,0,0,10,10,10,10
dmb_ish,after_every,l1,random,2048,1,1000000,10,5.93,1.85,14.41,4.48,8.50,2.64,5.9300,14.4099,8.4967,0.0000,0.0000,0.0000,3.0000,0.0000,1.0000,0,0,0,10,10,10,10
dmb_ish,after_every,l1,random,2048,2,1000000,10,8.21,2.56,27.57,8.57,19.36,6.02,4.1048,13.7829,9.6812,0.0000,0.0000,0.0000,2.5000,0.0000,1.0000,0,0,0,10,10,10,10
dmb_ish,after_every,l1,random,2048,4,1000000,10,14.82,4.61,54.03,16.77,39.22,12.16,3.7042,13.5085,9.8060,0.0000,0.0000,0.0000,2.2500,0.0000,1.0000,0,0,0,10,10,10,10
dmb_ish,after_every,l1,random,2048,8,1000000,10,28.72,8.92,106.89,33.16,78.18,24.24,3.5901,13.3608,9.7722,0.0000,0.0000,0.0000,2.1250,0.0000,1.0000,0,0,0,10,10,10,10
dmb_ish,after_every,l1,random,2048,16,1000000,10,56.62,17.57,213.01,66.08,156.43,48.52,3.5389,13.3134,9.7769,0.0000,0.0000,0.0000,2.0625,0.0000,1.0000,0,0,0,10,10,10,10
dmb_ish,after_every,l1,random,2048,32,1000000,10,112.00,34.74,424.48,131.64,312.49,96.91,3.5001,13.2649,9.7654,0.0000,0.0000,0.0000,2.0313,0.0000,1.0000,0,0,0,10,10,10,10
dmb_ish,after_every,l1,random,2048,64,1000000,10,225.03,69.80,847.38,262.79,622.39,193.00,3.5161,13.2402,9.7249,0.0000,0.0000,0.0000,2.0156,0.0000,1.0000,0,0,0,10,10,10,10
dmb_ish,after_every,l2,random,524288,1,1000000,10,14.38,4.48,21.60,6.72,7.18,2.23,14.3833,21.5995,7.1830,1.8874,0.1508,0.1660,3.0000,0.5227,1.0000,0,0,0,10,10,10,10
dmb_ish,after_every,l2,random,524288,2,1000000,10,24.41,7.59,41.70,12.95,17.31,5.37,12.2029,20.8487,8.6529,1.3521,0.2384,0.3977,2.5000,0.6360,1.0000,0,0,0,10,10,10,10
dmb_ish,after_every,l2,random,524288,4,1000000,10,25.68,7.98,63.45,19.71,37.83,11.74,6.4188,15.8627,9.4565,1.0761,0.0717,0.1352,2.2500,0.4141,1.0000,0,0,0,10,10,10,10
dmb_ish,after_every,l2,random,524288,8,1000000,10,39.82,12.38,111.88,34.73,72.16,22.38,4.9770,13.9845,9.0195,0.9284,0.0198,0.0685,2.1254,0.2476,1.0000,0,0,0,10,10,10,10
dmb_ish,after_every,l2,random,524288,16,1000000,10,73.85,22.93,222.47,69.05,149.09,46.24,4.6156,13.9045,9.3179,0.8550,0.0225,0.0972,2.0628,0.2321,1.0000,0,0,0,10,10,10,10
dmb_ish,after_every,l2,random,524288,32,1000000,10,124.15,38.54,431.62,133.94,307.50,95.40,3.8797,13.4880,9.6093,0.8159,0.0045,0.0182,2.0317,0.0856,1.0000,0,0,0,10,10,10,10
dmb_ish,after_every,l2,random,524288,64,1000000,10,252.04,78.22,882.39,273.78,630.32,195.55,3.9382,13.7874,9.8487,0.7971,0.0263,0.0379,2.0160,0.1608,1.0000,0,0,0,10,10,10,10
dmb_ish,after_every,l3,random,8388608,1,1000000,10,23.38,7.28,34.21,10.65,10.87,3.38,23.3798,34.2146,10.8696,1.9920,0.9651,1.9216,3.0001,0.8024,1.0000,0,0,0,10,10,10,10
dmb_ish,after_every,l3,random,8388608,2,1000000,10,26.08,8.11,52.36,16.28,26.38,8.18,13.0421,26.1815,13.1886,1.4894,0.5629,1.3992,2.5000,0.7120,1.0000,0,0,0,10,10,10,10
dmb_ish,after_every,l3,random,8388608,4,1000000,10,33.34,10.38,90.86,28.21,57.57,17.86,8.3357,22.7143,14.3925,1.2378,0.4140,1.1297,2.2500,0.6024,1.0000,0,0,0,10,10,10,10
dmb_ish,after_every,l3,random,8388608,8,1000000,10,59.01,18.34,185.54,57.60,126.54,39.26,7.3762,23.1921,15.8178,1.1113,0.4086,0.9940,2.1252,0.5503,1.0000,0,0,0,10,10,10,10
dmb_ish,after_every,l3,random,8388608,16,1000000,10,119.52,37.12,339.74,105.46,220.36,68.38,7.4702,21.2335,13.7725,1.0480,0.4388,0.9165,2.0625,0.5631,1.0000,0,0,0,10,10,10,10
dmb_ish,after_every,l3,random,8388608,32,1000000,10,221.17,68.67,717.74,222.81,495.55,153.72,6.9114,22.4293,15.4859,1.0164,0.3612,0.8657,2.0314,0.5381,1.0000,0,0,0,10,10,10,10
dmb_ish,after_every,l3,random,8388608,64,1000000,10,359.88,111.73,1328.60,412.35,968.67,300.60,5.6231,20.7594,15.1355,1.0003,0.3117,0.8349,2.0156,0.4412,1.0000,0,0,0,10,10,10,10
dmb_ish,after_every,dram,random,536870912,1,1000000,10,302.48,94.05,311.22,96.81,8.52,2.59,302.4830,311.2244,8.5165,1.9999,2.2854,4.7514,3.0007,0.9368,1.0000,0,0,0,10,10,10,10
dmb_ish,after_every,dram,random,536870912,2,1000000,10,474.48,147.48,489.95,152.30,15.61,4.92,237.2380,244.9728,7.8049,1.4999,1.6293,2.7804,2.5006,0.9642,1.0000,0,0,0,10,10,10,10
dmb_ish,after_every,dram,random,536870912,4,1000000,10,641.68,199.46,656.61,204.18,15.98,5.00,160.4199,164.1521,3.9954,1.2499,1.4865,3.0338,2.2504,0.9605,1.0000,0,0,0,10,10,10,10
dmb_ish,after_every,dram,random,536870912,8,1000000,10,702.31,218.44,767.28,238.48,64.78,20.17,87.7891,95.9095,8.0969,1.1254,1.2638,1.9100,2.1252,0.9497,1.0000,0,0,0,10,10,10,10
dmb_ish,after_every,dram,random,536870912,16,1000000,10,782.47,243.14,1377.35,428.03,595.78,185.05,48.9041,86.0843,37.2361,1.0623,1.0568,1.5760,2.0627,0.9207,1.0000,0,0,0,10,10,10,10
dmb_ish,after_every,dram,random,536870912,32,1000000,10,872.20,271.08,2312.81,718.19,1440.61,447.15,27.2562,72.2752,45.0190,1.0312,0.5311,1.0908,2.0313,0.8688,1.0000,0,0,0,10,10,10,10
dmb_ish,after_every,dram,random,536870912,64,1000000,10,1093.68,339.95,4323.79,1342.45,3230.11,1002.50,17.0887,67.5592,50.4705,1.0156,0.2542,1.0331,2.0157,0.7880,1.0000,0,0,0,10,10,10,10
dmb_sy,after_group,l1,random,2048,1,1000000,10,5.87,1.84,14.06,4.38,8.19,2.54,5.8714,14.0616,8.1885,0.0000,0.0000,0.0000,3.0000,0.0000,1.0000,0,0,0,10,10,10,10
dmb_sy,after_group,l1,random,2048,2,1000000,10,8.20,2.56,16.44,5.11,8.26,2.56,4.1007,8.2188,4.1279,0.0000,0.0000,0.0000,2.5000,0.0000,1.0000,0,0,0,10,10,10,10
dmb_sy,after_group,l1,random,2048,4,1000000,10,15.31,4.76,20.68,6.43,5.37,1.67,3.8273,5.1688,1.3421,0.0000,0.0000,0.0000,2.2500,0.0000,1.0000,0,0,0,10,10,10,10
dmb_sy,after_group,l1,random,2048,8,1000000,10,29.41,9.14,29.08,9.03,-0.33,-0.10,3.6768,3.6355,-0.0408,0.0000,0.0000,0.0000,2.1250,0.0000,1.0000,0,0,0,10,10,10,10
dmb_sy,after_group,l1,random,2048,16,1000000,10,56.57,17.56,55.87,17.34,-0.71,-0.22,3.5353,3.4917,-0.0443,0.0000,0.0000,0.0000,2.0625,0.0000,1.0000,0,0,0,10,10,10,10
dmb_sy,after_group,l1,random,2048,32,1000000,10,110.88,34.40,109.54,33.98,-1.31,-0.41,3.4650,3.4231,-0.0410,0.0000,0.0000,0.0000,2.0313,0.0000,1.0000,0,0,0,10,10,10,10
dmb_sy,after_group,l1,random,2048,64,1000000,10,219.53,68.11,217.09,67.34,-2.45,-0.77,3.4301,3.3920,-0.0383,0.0000,0.0000,0.0000,2.0156,0.0000,1.0000,0,0,0,10,10,10,10
dmb_sy,after_group,l2,random,524288,1,1000000,10,14.04,4.37,21.34,6.64,7.30,2.27,14.0365,21.3411,7.3046,1.8874,0.1503,0.1614,3.0001,0.5233,1.0000,0,0,0,10,10,10,10
dmb_sy,after_group,l2,random,524288,2,1000000,10,19.04,5.93,33.82,10.51,14.82,4.60,9.5216,16.9095,7.4080,1.3519,0.2043,0.2603,2.5002,0.5684,1.0000,0,0,0,10,10,10,10
dmb_sy,after_group,l2,random,524288,4,1000000,10,30.66,9.53,47.33,14.71,16.69,5.18,7.6638,11.8323,4.1731,1.0760,0.1113,0.2654,2.2502,0.5164,1.0000,0,0,0,10,10,10,10
dmb_sy,after_group,l2,random,524288,8,1000000,10,36.93,11.48,48.57,15.10,11.50,3.56,4.6160,6.0711,1.4371,0.9283,0.0215,0.0498,2.1255,0.2123,1.0000,0,0,0,10,10,10,10
dmb_sy,after_group,l2,random,524288,16,1000000,10,74.46,23.12,116.50,36.18,42.13,13.07,4.6536,7.2815,2.6329,0.8547,0.0666,0.1318,2.0625,0.2987,1.0000,0,0,0,10,10,10,10
dmb_sy,after_group,l2,random,524288,32,1000000,10,124.82,38.77,130.74,40.59,5.92,1.84,3.9006,4.0857,0.1850,0.8159,0.0060,0.0270,2.0317,0.1072,1.0000,0,0,0,10,10,10,10
dmb_sy,after_group,l2,random,524288,64,1000000,10,236.16,73.31,244.75,75.96,8.45,2.62,3.6899,3.8242,0.1320,0.7972,0.0072,0.0178,2.0160,0.0797,1.0000,0,0,0,10,10,10,10
dmb_sy,after_group,l3,random,8388608,1,1000000,10,23.69,7.37,34.95,10.87,11.22,3.48,23.6917,34.9469,11.2234,1.9921,0.9628,1.9221,3.0001,0.8056,1.0000,0,0,0,10,10,10,10
dmb_sy,after_group,l3,random,8388608,2,1000000,10,27.03,8.41,46.77,14.54,19.64,6.09,13.5139,23.3874,9.8194,1.4894,0.6042,1.4028,2.5001,0.7210,1.0000,0,0,0,10,10,10,10
dmb_sy,after_group,l3,random,8388608,4,1000000,10,32.41,10.08,67.53,21.00,35.03,10.87,8.1026,16.8820,8.7567,1.2378,0.4102,1.1309,2.2500,0.5920,1.0000,0,0,0,10,10,10,10
dmb_sy,after_group,l3,random,8388608,8,1000000,10,59.51,18.50,116.79,36.27,57.40,17.81,7.4392,14.5989,7.1755,1.1113,0.4111,0.9938,2.1250,0.5540,1.0000,0,0,0,10,10,10,10
dmb_sy,after_group,l3,random,8388608,16,1000000,10,117.73,36.57,213.83,66.43,95.63,29.66,7.3582,13.3643,5.9767,1.0480,0.4295,0.9173,2.0625,0.5533,1.0000,0,0,0,10,10,10,10
dmb_sy,after_group,l3,random,8388608,32,1000000,10,217.89,67.65,327.44,101.63,109.55,33.98,6.8092,10.2324,3.4236,1.0163,0.3598,0.8652,2.0314,0.5302,1.0000,0,0,0,10,10,10,10
dmb_sy,after_group,l3,random,8388608,64,1000000,10,355.87,110.51,502.59,156.03,146.82,45.55,5.5604,7.8530,2.2940,1.0002,0.3072,0.8274,2.0156,0.4321,1.0000,0,0,0,10,10,10,10
dmb_sy,after_group,dram,random,536870912,1,1000000,10,296.23,92.09,303.86,94.45,8.20,2.52,296.2301,303.8579,8.1950,1.9998,2.1387,3.5588,3.0006,0.9453,1.0000,0,0,0,10,10,10,10
dmb_sy,after_group,dram,random,536870912,2,1000000,10,481.67,149.72,496.43,154.29,13.31,4.04,240.8342,248.2160,6.6548,1.4999,1.6633,3.0456,2.5006,0.9615,1.0000,0,0,0,10,10,10,10
dmb_sy,after_group,dram,random,536870912,4,1000000,10,620.24,192.73,628.16,195.30,8.10,2.59,155.0597,157.0409,2.0243,1.2499,1.3959,2.2188,2.2504,0.9662,1.0000,0,0,0,10,10,10,10
dmb_sy,after_group,dram,random,536870912,8,1000000,10,704.15,218.95,702.99,218.61,-1.23,-0.43,88.0192,87.8733,-0.1536,1.1254,1.3071,2.2504,2.1252,0.9492,1.0000,0,0,0,10,10,10,10
dmb_sy,after_group,dram,random,536870912,16,1000000,10,785.32,244.16,950.58,295.47,165.17,51.26,49.0828,59.4111,10.3229,1.0624,1.1131,1.8459,2.0627,0.9205,1.0000,0,0,0,10,10,10,10
dmb_sy,after_group,dram,random,536870912,32,1000000,10,870.16,270.50,1138.65,353.78,269.29,83.59,27.1924,35.5829,8.4153,1.0311,0.5263,1.0813,2.0314,0.8693,1.0000,0,0,0,10,10,10,10
dmb_sy,after_group,dram,random,536870912,64,1000000,10,1093.33,339.83,1439.29,447.13,345.95,107.47,17.0833,22.4888,5.4055,1.0156,0.2518,1.0309,2.0157,0.7901,1.0000,0,0,0,10,10,10,10
dmb_sy,after_every,l1,random,2048,1,1000000,10,5.96,1.86,14.41,4.48,8.45,2.62,5.9571,14.4102,8.4546,0.0001,0.0000,0.0000,3.0000,0.0000,1.0000,0,0,0,10,10,10,10
dmb_sy,after_every,l1,random,2048,2,1000000,10,8.22,2.57,27.57,8.56,19.34,6.00,4.1125,13.7830,9.6721,0.0000,0.0000,0.0000,2.5000,0.0000,1.0000,0,0,0,10,10,10,10
dmb_sy,after_every,l1,random,2048,4,1000000,10,14.84,4.62,54.03,16.77,39.19,12.16,3.7103,13.5084,9.7982,0.0000,0.0000,0.0000,2.2500,0.0000,1.0000,0,0,0,10,10,10,10
dmb_sy,after_every,l1,random,2048,8,1000000,10,28.71,8.92,108.49,33.66,79.78,24.74,3.5884,13.5607,9.9729,0.0000,0.0000,0.0000,2.1250,0.0000,1.0000,0,0,0,10,10,10,10
dmb_sy,after_every,l1,random,2048,16,1000000,10,56.62,17.57,213.01,66.08,156.41,48.51,3.5386,13.3134,9.7754,0.0000,0.0000,0.0000,2.0625,0.0000,1.0000,0,0,0,10,10,10,10
dmb_sy,after_every,l1,random,2048,32,1000000,10,111.99,34.74,424.48,131.67,312.49,96.91,3.4998,13.2649,9.7653,0.0000,0.0000,0.0000,2.0313,0.0000,1.0000,0,0,0,10,10,10,10
dmb_sy,after_every,l1,random,2048,64,1000000,10,222.79,69.11,847.38,262.82,624.60,193.71,3.4810,13.2402,9.7594,0.0000,0.0000,0.0000,2.0156,0.0000,1.0000,0,0,0,10,10,10,10
dmb_sy,after_every,l2,random,524288,1,1000000,10,14.33,4.46,21.52,6.69,7.25,2.25,14.3283,21.5204,7.2493,1.8874,0.1496,0.1646,3.0000,0.5220,1.0000,0,0,0,10,10,10,10
dmb_sy,after_every,l2,random,524288,2,1000000,10,20.16,6.27,36.57,11.36,16.48,5.12,10.0799,18.2830,8.2412,1.3522,0.1237,0.1888,2.5001,0.5276,1.0000,0,0,0,10,10,10,10
dmb_sy,after_every,l2,random,524288,4,1000000,10,25.42,7.91,62.73,19.50,37.50,11.64,6.3557,15.6832,9.3742,1.0761,0.0682,0.1335,2.2500,0.4072,1.0000,0,0,0,10,10,10,10
dmb_sy,after_every,l2,random,524288,8,1000000,10,42.64,13.25,114.30,35.50,71.66,22.25,5.3303,14.2871,8.9571,0.9284,0.0268,0.1016,2.1253,0.3061,1.0000,0,0,0,10,10,10,10
dmb_sy,after_every,l2,random,524288,16,1000000,10,65.28,20.28,216.59,67.23,151.32,46.96,4.0800,13.5370,9.4573,0.8550,0.0068,0.0235,2.0629,0.1129,1.0000,0,0,0,10,10,10,10
dmb_sy,after_every,l2,random,524288,32,1000000,10,130.24,40.43,441.39,136.96,311.15,96.53,4.0699,13.7933,9.7236,0.8158,0.0195,0.0570,2.0316,0.1634,1.0000,0,0,0,10,10,10,10
dmb_sy,after_every,l2,random,524288,64,1000000,10,236.97,73.58,859.33,266.68,622.37,193.11,3.7026,13.4271,9.7245,0.7972,0.0019,0.0084,2.0160,0.0440,1.0000,0,0,0,10,10,10,10
dmb_sy,after_every,l3,random,8388608,1,1000000,10,23.76,7.40,34.00,10.60,10.20,3.20,23.7627,33.9984,10.1998,1.9921,0.9658,1.9245,3.0001,0.8054,1.0000,0,0,0,10,10,10,10
dmb_sy,after_every,l3,random,8388608,2,1000000,10,27.28,8.49,53.75,16.70,26.54,8.23,13.6407,26.8730,13.2692,1.4894,0.6301,1.3989,2.5001,0.7239,1.0000,0,0,0,10,10,10,10
dmb_sy,after_every,l3,random,8388608,4,1000000,10,32.78,10.20,91.27,28.35,58.76,18.23,8.1951,22.8173,14.6906,1.2378,0.4065,1.1293,2.2500,0.5962,1.0000,0,0,0,10,10,10,10
dmb_sy,after_every,l3,random,8388608,8,1000000,10,59.89,18.62,185.25,57.52,125.66,39.03,7.4865,23.1559,15.7080,1.1113,0.4145,0.9941,2.1250,0.5619,1.0000,0,0,0,10,10,10,10
dmb_sy,after_every,l3,random,8388608,16,1000000,10,119.58,37.15,340.79,105.81,220.44,68.40,7.4736,21.2995,13.7777,1.0480,0.4398,0.9170,2.0625,0.5617,1.0000,0,0,0,10,10,10,10
dmb_sy,after_every,l3,random,8388608,32,1000000,10,220.22,68.38,670.06,207.97,450.00,139.64,6.8817,20.9393,14.0624,1.0164,0.3598,0.8651,2.0313,0.5367,1.0000,0,0,0,10,10,10,10
dmb_sy,after_every,l3,random,8388608,64,1000000,10,360.62,112.02,1317.45,408.89,956.84,296.87,5.6348,20.5851,14.9507,1.0002,0.3112,0.8290,2.0156,0.4420,1.0000,0,0,0,10,10,10,10
dmb_sy,after_every,dram,random,536870912,1,1000000,10,310.56,96.56,317.38,98.64,7.88,2.46,310.5585,317.3783,7.8777,1.9999,2.3870,5.6135,3.0007,0.9307,1.0000,0,0,0,10,10,10,10
dmb_sy,after_every,dram,random,536870912,2,1000000,10,463.96,144.27,482.33,149.96,17.64,5.52,231.9815,241.1662,8.8201,1.5022,1.5619,2.2664,2.5006,0.9661,1.0000,0,0,0,10,10,10,10
dmb_sy,after_every,dram,random,536870912,4,1000000,10,617.52,191.98,633.99,197.02,17.81,5.52,154.3794,158.4987,4.4530,1.2503,1.3786,2.1110,2.2504,0.9672,1.0000,0,0,0,10,10,10,10
dmb_sy,after_every,dram,random,536870912,8,1000000,10,707.52,219.94,770.58,239.56,63.12,19.57,88.4401,96.3225,7.8904,1.1253,1.3116,2.2182,2.1252,0.9492,1.0000,0,0,0,10,10,10,10
dmb_sy,after_every,dram,random,536870912,16,1000000,10,774.28,240.67,1362.18,423.17,587.67,182.47,48.3924,85.1361,36.7294,1.0623,1.0205,1.4077,2.0627,0.9195,1.0000,0,0,0,10,10,10,10
dmb_sy,after_every,dram,random,536870912,32,1000000,10,880.92,273.74,2309.15,717.10,1428.64,443.51,27.5287,72.1611,44.6451,1.0313,0.5316,1.0913,2.0313,0.8684,1.0000,0,0,0,10,10,10,10
dmb_sy,after_every,dram,random,536870912,64,1000000,10,1082.57,336.44,4307.01,1337.02,3225.18,1000.89,16.9152,67.2970,50.3934,1.0156,0.2456,1.0262,2.0157,0.7848,1.0000,0,0,0,10,10,10,10
dmb_ishst,after_group,l1,random,2048,1,1000000,10,5.86,1.83,6.08,1.90,0.22,0.07,5.8572,6.0792,0.2232,0.0000,0.0000,0.0000,3.0000,0.0000,1.0000,0,0,0,10,10,10,10
dmb_ishst,after_group,l1,random,2048,2,1000000,10,8.18,2.55,8.16,2.55,-0.01,-0.00,4.0885,4.0825,-0.0057,0.0000,0.0000,0.0000,2.5000,0.0000,1.0000,0,0,0,10,10,10,10
dmb_ishst,after_group,l1,random,2048,4,1000000,10,15.32,4.76,14.89,4.63,-0.42,-0.13,3.8295,3.7223,-0.1045,0.0000,0.0000,0.0000,2.2500,0.0000,1.0000,0,0,0,10,10,10,10
dmb_ishst,after_group,l1,random,2048,8,1000000,10,29.40,9.14,28.71,8.92,-0.71,-0.22,3.6756,3.5884,-0.0883,0.0000,0.0000,0.0000,2.1250,0.0000,1.0000,0,0,0,10,10,10,10
dmb_ishst,after_group,l1,random,2048,16,1000000,10,56.56,17.56,55.16,17.12,-1.40,-0.43,3.5350,3.4478,-0.0876,0.0000,0.0000,0.0000,2.0625,0.0000,1.0000,0,0,0,10,10,10,10
dmb_ishst,after_group,l1,random,2048,32,1000000,10,110.89,34.40,108.43,33.64,-2.44,-0.76,3.4654,3.3886,-0.0762,0.0000,0.0000,0.0000,2.0313,0.0000,1.0000,0,0,0,10,10,10,10
dmb_ishst,after_group,l1,random,2048,64,1000000,10,219.53,68.08,215.03,66.69,-4.49,-1.39,3.4302,3.3598,-0.0701,0.0000,0.0000,0.0000,2.0156,0.0000,1.0000,0,0,0,10,10,10,10
dmb_ishst,after_group,l2,random,524288,1,1000000,10,14.60,4.55,14.73,4.59,0.11,0.03,14.6042,14.7349,0.1072,1.8874,0.1555,0.1718,3.0001,0.5326,1.0000,0,0,0,10,10,10,10
dmb_ishst,after_group,l2,random,524288,2,1000000,10,21.45,6.67,21.59,6.72,0.19,0.06,10.7242,10.7953,0.0941,1.3521,0.1700,0.2851,2.5000,0.5818,1.0000,0,0,0,10,10,10,10
dmb_ishst,after_group,l2,random,524288,4,1000000,10,22.85,7.11,23.93,7.45,1.04,0.32,5.7135,5.9837,0.2591,1.0761,0.0438,0.0860,2.2503,0.3309,1.0000,0,0,0,10,10,10,10
dmb_ishst,after_group,l2,random,524288,8,1000000,10,39.47,12.28,39.86,12.39,0.40,0.12,4.9339,4.9824,0.0497,0.9283,0.0250,0.0716,2.1254,0.2584,1.0000,0,0,0,10,10,10,10
dmb_ishst,after_group,l2,random,524288,16,1000000,10,74.36,23.09,75.29,23.38,0.94,0.29,4.6477,4.7053,0.0585,0.8549,0.0362,0.1062,2.0627,0.2695,1.0000,0,0,0,10,10,10,10
dmb_ishst,after_group,l2,random,524288,32,1000000,10,122.09,37.90,120.07,37.27,-1.87,-0.58,3.8154,3.7522,-0.0586,0.8159,0.0034,0.0167,2.0316,0.0807,1.0000,0,0,0,10,10,10,10
dmb_ishst,after_group,l2,random,524288,64,1000000,10,228.34,70.88,227.18,70.53,-1.15,-0.33,3.5679,3.5496,-0.0179,0.7972,0.0018,0.0086,2.0160,0.0459,1.0000,0,0,0,10,10,10,10
dmb_ishst,after_group,l3,random,8388608,1,1000000,10,23.88,7.43,24.86,7.74,0.94,0.29,23.8792,24.8617,0.9407,1.9921,0.9669,1.9251,3.0001,0.8051,1.0000,0,0,0,10,10,10,10
dmb_ishst,after_group,l3,random,8388608,2,1000000,10,27.98,8.71,30.88,9.61,2.94,0.91,13.9922,15.4419,1.4700,1.4894,0.6380,1.4076,2.5001,0.7289,1.0000,0,0,0,10,10,10,10
dmb_ishst,after_group,l3,random,8388608,4,1000000,10,32.71,10.17,49.14,15.27,16.41,5.09,8.1779,12.2844,4.1016,1.2378,0.4127,1.1311,2.2500,0.5957,1.0000,0,0,0,10,10,10,10
dmb_ishst,after_group,l3,random,8388608,8,1000000,10,59.35,18.46,86.06,26.74,26.75,8.29,7.4185,10.7576,3.3438,1.1113,0.4107,0.9935,2.1250,0.5538,1.0000,0,0,0,10,10,10,10
dmb_ishst,after_group,l3,random,8388608,16,1000000,10,118.82,36.92,158.83,49.31,40.18,12.47,7.4263,9.9267,2.5113,1.0480,0.4356,0.9170,2.0625,0.5584,1.0000,0,0,0,10,10,10,10
dmb_ishst,after_group,l3,random,8388608,32,1000000,10,216.78,67.30,234.25,72.74,17.57,5.43,6.7744,7.3202,0.5490,1.0163,0.3584,0.8657,2.0314,0.5286,1.0000,0,0,0,10,10,10,10
dmb_ishst,after_group,l3,random,8388608,64,1000000,10,357.34,110.96,386.79,120.09,28.58,8.84,5.5835,6.0436,0.4465,1.0002,0.3078,0.8275,2.0156,0.4349,1.0000,0,0,0,10,10,10,10
dmb_ishst,after_group,dram,random,536870912,1,1000000,10,301.06,93.58,301.83,93.87,0.77,0.29,301.0580,301.8268,0.7688,1.9999,2.2362,4.3229,3.0007,0.9404,1.0000,0,0,0,10,10,10,10
dmb_ishst,after_group,dram,random,536870912,2,1000000,10,475.00,147.66,476.78,148.20,-0.09,0.04,237.4987,238.3903,-0.0443,1.4998,1.6061,2.6233,2.5006,0.9628,1.0000,0,0,0,10,10,10,10
dmb_ishst,after_group,dram,random,536870912,4,1000000,10,641.90,199.57,642.14,199.60,-4.63,-1.43,160.4762,160.5351,-1.1586,1.2499,1.5180,3.1782,2.2504,0.9583,1.0000,0,0,0,10,10,10,10
dmb_ishst,after_group,dram,random,536870912,8,1000000,10,676.04,210.20,678.08,210.80,-0.48,-0.24,84.5049,84.7603,-0.0596,1.1254,1.3260,2.2866,2.1252,0.9430,1.0000,0,0,0,10,10,10,10
dmb_ishst,after_group,dram,random,536870912,16,1000000,10,792.22,246.28,790.67,245.64,-2.67,-0.87,49.5140,49.4172,-0.1669,1.0624,1.1010,1.8099,2.0627,0.9191,1.0000,0,0,0,10,10,10,10
dmb_ishst,after_group,dram,random,536870912,32,1000000,10,881.32,273.92,881.85,274.03,-0.41,-0.14,27.5412,27.5577,-0.0127,1.0312,0.5422,1.1159,2.0314,0.8706,1.0000,0,0,0,10,10,10,10
dmb_ishst,after_group,dram,random,536870912,64,1000000,10,1085.84,337.50,1168.20,363.09,82.28,25.54,16.9662,18.2531,1.2856,1.0156,0.2465,1.0277,2.0157,0.7881,1.0000,0,0,0,10,10,10,10
dmb_ishst,after_every,l1,random,2048,1,1000000,10,5.98,1.87,6.15,1.92,0.18,0.05,5.9795,6.1511,0.1795,0.0000,0.0000,0.0000,3.0000,0.0000,1.0000,0,0,0,10,10,10,10
dmb_ishst,after_every,l1,random,2048,2,1000000,10,8.20,2.56,12.09,3.76,3.89,1.21,4.0995,6.0429,1.9450,0.0000,0.0000,0.0000,2.5000,0.0000,1.0000,0,0,0,10,10,10,10
dmb_ishst,after_every,l1,random,2048,4,1000000,10,14.83,4.62,24.09,7.48,9.26,2.87,3.7080,6.0218,2.3145,0.0000,0.0000,0.0000,2.2500,0.0000,1.0000,0,0,0,10,10,10,10
dmb_ishst,after_every,l1,random,2048,8,1000000,10,29.09,9.03,48.08,14.92,19.00,5.90,3.6358,6.0098,2.3749,0.0000,0.0000,0.0000,2.1250,0.0000,1.0000,0,0,0,10,10,10,10
dmb_ishst,after_every,l1,random,2048,16,1000000,10,57.24,17.77,96.08,29.81,38.87,12.05,3.5776,6.0052,2.4295,0.0000,0.0000,0.0000,2.0625,0.0000,1.0000,0,0,0,10,10,10,10
dmb_ishst,after_every,l1,random,2048,32,1000000,10,111.99,34.75,194.57,60.35,82.59,25.61,3.4997,6.0804,2.5809,0.0000,0.0000,0.0000,2.0313,0.0000,1.0000,0,0,0,10,10,10,10
dmb_ishst,after_every,l1,random,2048,64,1000000,10,222.76,69.10,384.08,119.12,161.33,50.03,3.4806,6.0013,2.5208,0.0000,0.0000,0.0000,2.0156,0.0000,1.0000,0,0,0,10,10,10,10
dmb_ishst,after_every,l2,random,524288,1,1000000,10,17.75,5.52,17.80,5.54,0.03,0.01,17.7462,17.8014,0.0285,1.8876,0.1635,0.2365,3.0002,0.5510,1.0000,0,0,0,10,10,10,10
dmb_ishst,after_every,l2,random,524288,2,1000000,10,20.31,6.32,21.18,6.59,0.91,0.28,10.1537,10.5911,0.4544,1.3522,0.1239,0.1875,2.5000,0.5284,1.0000,0,0,0,10,10,10,10
dmb_ishst,after_every,l2,random,524288,4,1000000,10,23.08,7.18,30.11,9.36,7.14,2.21,5.7690,7.5267,1.7841,1.0762,0.0449,0.0859,2.2503,0.3270,1.0000,0,0,0,10,10,10,10
dmb_ishst,after_every,l2,random,524288,8,1000000,10,42.37,13.17,56.37,17.51,13.95,4.33,5.2963,7.0468,1.7436,0.9284,0.0237,0.0957,2.1254,0.2923,1.0000,0,0,0,10,10,10,10
dmb_ishst,after_every,l2,random,524288,16,1000000,10,68.21,21.18,105.84,32.88,37.64,11.70,4.2630,6.6150,2.3523,0.8550,0.0073,0.0334,2.0629,0.1383,1.0000,0,0,0,10,10,10,10
dmb_ishst,after_every,l2,random,524288,32,1000000,10,128.37,39.86,219.23,68.06,91.37,28.34,4.0115,6.8510,2.8552,0.8159,0.0125,0.0335,2.0317,0.1334,1.0000,0,0,0,10,10,10,10
dmb_ishst,after_every,l2,random,524288,64,1000000,10,240.27,74.56,419.63,130.24,179.28,55.60,3.7542,6.5567,2.8012,0.7972,0.0039,0.0190,2.0160,0.0700,1.0000,0,0,0,10,10,10,10
dmb_ishst,after_every,l3,random,8388608,1,1000000,10,23.72,7.39,24.74,7.70,1.01,0.32,23.7245,24.7394,1.0149,1.9920,0.9650,1.9234,3.0001,0.8045,1.0000,0,0,0,10,10,10,10
dmb_ishst,after_every,l3,random,8388608,2,1000000,10,25.94,8.11,31.94,9.94,6.07,1.88,12.9699,15.9702,3.0345,1.4894,0.5677,1.3974,2.5000,0.7113,1.0000,0,0,0,10,10,10,10
dmb_ishst,after_every,l3,random,8388608,4,1000000,10,32.68,10.16,53.64,16.67,21.01,6.52,8.1699,13.4106,5.2520,1.2378,0.4049,1.1285,2.2500,0.5947,1.0000,0,0,0,10,10,10,10
dmb_ishst,after_every,l3,random,8388608,8,1000000,10,58.98,18.33,105.34,32.71,46.44,14.42,7.3725,13.1673,5.8050,1.1113,0.4100,0.9940,2.1251,0.5498,1.0000,0,0,0,10,10,10,10
dmb_ishst,after_every,l3,random,8388608,16,1000000,10,119.69,37.18,207.66,64.48,87.95,27.28,7.4807,12.9790,5.4971,1.0480,0.4393,0.9168,2.0625,0.5597,1.0000,0,0,0,10,10,10,10
dmb_ishst,after_every,l3,random,8388608,32,1000000,10,220.12,68.33,386.63,119.99,166.75,51.74,6.8787,12.0823,5.2110,1.0163,0.3597,0.8643,2.0313,0.5356,1.0000,0,0,0,10,10,10,10
dmb_ishst,after_every,l3,random,8388608,64,1000000,10,361.74,112.31,764.81,237.38,403.33,125.11,5.6522,11.9501,6.3020,1.0002,0.3120,0.8270,2.0156,0.4425,1.0000,0,0,0,10,10,10,10
dmb_ishst,after_every,dram,random,536870912,1,1000000,10,293.52,91.28,295.33,91.82,0.60,0.20,293.5152,295.3349,0.5963,1.9999,2.1063,3.3126,3.0006,0.9445,1.0000,0,0,0,10,10,10,10
dmb_ishst,after_every,dram,random,536870912,2,1000000,10,474.60,147.53,475.06,147.65,1.11,0.35,237.3002,237.5300,0.5566,1.4999,1.6373,2.8794,2.5006,0.9643,1.0000,0,0,0,10,10,10,10
dmb_ishst,after_every,dram,random,536870912,4,1000000,10,609.12,189.31,613.80,190.78,3.92,1.17,152.2808,153.4506,0.9812,1.2504,1.3309,1.8189,2.2504,0.9683,1.0000,0,0,0,10,10,10,10
dmb_ishst,after_every,dram,random,536870912,8,1000000,10,698.23,217.07,702.32,218.27,4.78,1.52,87.2785,87.7904,0.5973,1.1271,1.2448,1.7061,2.1252,0.9511,1.0000,0,0,0,10,10,10,10
dmb_ishst,after_every,dram,random,536870912,16,1000000,10,774.11,240.67,875.97,272.21,104.01,32.26,48.3822,54.7480,6.5009,1.0623,1.0561,1.6135,2.0627,0.9201,1.0000,0,0,0,10,10,10,10
dmb_ishst,after_every,dram,random,536870912,32,1000000,10,871.76,270.90,1591.37,494.27,720.70,223.64,27.2427,49.7303,22.5218,1.0311,0.5214,1.0748,2.0314,0.8675,1.0000,0,0,0,10,10,10,10
dmb_ishst,after_every,dram,random,536870912,64,1000000,10,1082.84,336.45,2969.77,922.24,1887.88,585.99,16.9193,46.4026,29.4982,1.0156,0.2462,1.0268,2.0157,0.7849,1.0000,0,0,0,10,10,10,10
dmb_st,after_group,l1,random,2048,1,1000000,10,5.87,1.83,6.08,1.90,0.22,0.07,5.8670,6.0791,0.2179,0.0000,0.0000,0.0000,3.0000,0.0000,1.0000,0,0,0,10,10,10,10
dmb_st,after_group,l1,random,2048,2,1000000,10,8.19,2.56,8.16,2.55,-0.03,-0.01,4.0961,4.0796,-0.0162,0.0000,0.0000,0.0000,2.5000,0.0000,1.0000,0,0,0,10,10,10,10
dmb_st,after_group,l1,random,2048,4,1000000,10,15.30,4.77,14.89,4.63,-0.42,-0.13,3.8255,3.7219,-0.1054,0.0000,0.0000,0.0000,2.2500,0.0000,1.0000,0,0,0,10,10,10,10
dmb_st,after_group,l1,random,2048,8,1000000,10,29.36,9.12,28.65,8.90,-0.69,-0.21,3.6698,3.5810,-0.0862,0.0000,0.0000,0.0000,2.1250,0.0000,1.0000,0,0,0,10,10,10,10
dmb_st,after_group,l1,random,2048,16,1000000,10,56.02,17.40,55.21,17.14,-0.81,-0.25,3.5014,3.4503,-0.0509,0.0000,0.0000,0.0000,2.0625,0.0000,1.0000,0,0,0,10,10,10,10
dmb_st,after_group,l1,random,2048,32,1000000,10,110.95,34.43,108.53,33.68,-2.39,-0.76,3.4673,3.3916,-0.0748,0.0000,0.0000,0.0000,2.0313,0.0000,1.0000,0,0,0,10,10,10,10
dmb_st,after_group,l1,random,2048,64,1000000,10,219.60,68.14,215.04,66.71,-4.58,-1.44,3.4312,3.3600,-0.0715,0.0000,0.0000,0.0000,2.0156,0.0000,1.0000,0,0,0,10,10,10,10
dmb_st,after_group,l2,random,524288,1,1000000,10,17.58,5.47,17.79,5.54,0.16,0.05,17.5846,17.7941,0.1606,1.8873,0.2421,0.3112,3.0001,0.6312,1.0000,0,0,0,10,10,10,10
dmb_st,after_group,l2,random,524288,2,1000000,10,24.30,7.56,24.55,7.63,0.28,0.10,12.1524,12.2754,0.1398,1.3520,0.2397,0.3999,2.5000,0.6360,1.0000,0,0,0,10,10,10,10
dmb_st,after_group,l2,random,524288,4,1000000,10,28.08,8.74,29.59,9.20,1.53,0.47,7.0203,7.3987,0.3834,1.0760,0.0959,0.2058,2.2500,0.4744,1.0000,0,0,0,10,10,10,10
dmb_st,after_group,l2,random,524288,8,1000000,10,40.21,12.50,45.15,14.03,4.94,1.53,5.0265,5.6438,0.6173,0.9280,0.0826,0.1424,2.1250,0.3351,1.0000,0,0,0,10,10,10,10
dmb_st,after_group,l2,random,524288,16,1000000,10,66.14,20.54,66.06,20.52,-0.06,-0.01,4.1336,4.1287,-0.0040,0.8550,0.0092,0.0351,2.0629,0.1431,1.0000,0,0,0,10,10,10,10
dmb_st,after_group,l2,random,524288,32,1000000,10,120.13,37.31,118.24,36.72,-1.77,-0.55,3.7542,3.6949,-0.0553,0.8159,0.0028,0.0115,2.0316,0.0658,1.0000,0,0,0,10,10,10,10
dmb_st,after_group,l2,random,524288,64,1000000,10,231.57,71.91,227.54,70.63,-3.91,-1.22,3.6182,3.5554,-0.0611,0.7972,0.0017,0.0086,2.0160,0.0452,1.0000,0,0,0,10,10,10,10
dmb_st,after_group,l3,random,8388608,1,1000000,10,23.96,7.46,24.79,7.72,0.94,0.29,23.9597,24.7880,0.9409,1.9922,0.9679,1.9247,3.0001,0.8058,1.0000,0,0,0,10,10,10,10
dmb_st,after_group,l3,random,8388608,2,1000000,10,27.03,8.41,30.23,9.40,3.23,0.99,13.5135,15.1130,1.6126,1.4894,0.6198,1.4001,2.5001,0.7219,1.0000,0,0,0,10,10,10,10
dmb_st,after_group,l3,random,8388608,4,1000000,10,32.71,10.18,48.65,15.12,15.99,4.96,8.1768,12.1627,3.9982,1.2378,0.4123,1.1293,2.2500,0.5947,1.0000,0,0,0,10,10,10,10
dmb_st,after_group,l3,random,8388608,8,1000000,10,60.16,18.70,86.04,26.74,25.95,8.06,7.5195,10.7545,3.2438,1.1113,0.4156,0.9940,2.1250,0.5619,1.0000,0,0,0,10,10,10,10
dmb_st,after_group,l3,random,8388608,16,1000000,10,119.64,37.17,159.79,49.62,40.07,12.43,7.4777,9.9870,2.5045,1.0480,0.4416,0.9170,2.0626,0.5611,1.0000,0,0,0,10,10,10,10
dmb_st,after_group,l3,random,8388608,32,1000000,10,216.33,67.18,232.75,72.29,16.33,5.09,6.7604,7.2734,0.5102,1.0164,0.3571,0.8646,2.0313,0.5278,1.0000,0,0,0,10,10,10,10
dmb_st,after_group,l3,random,8388608,64,1000000,10,357.18,110.93,388.10,120.53,31.28,9.66,5.5809,6.0640,0.4887,1.0002,0.3070,0.8268,2.0156,0.4357,1.0000,0,0,0,10,10,10,10
dmb_st,after_group,dram,random,536870912,1,1000000,10,303.57,94.37,304.88,94.83,-0.84,-0.26,303.5734,304.8832,-0.8405,1.9999,2.3458,5.3432,3.0007,0.9354,1.0000,0,0,0,10,10,10,10
dmb_st,after_group,dram,random,536870912,2,1000000,10,466.68,145.09,467.33,145.29,0.65,0.23,233.3423,233.6664,0.3241,1.4998,1.5773,2.3608,2.5006,0.9659,1.0000,0,0,0,10,10,10,10
dmb_st,after_group,dram,random,536870912,4,1000000,10,648.73,201.66,648.88,201.69,0.25,0.03,162.1836,162.2189,0.0619,1.2499,1.5259,3.2517,2.2504,0.9600,1.0000,0,0,0,10,10,10,10
dmb_st,after_group,dram,random,536870912,8,1000000,10,689.31,214.25,691.11,214.83,0.94,0.26,86.1634,86.3883,0.1172,1.1256,1.2322,1.6344,2.1252,0.9509,1.0000,0,0,0,10,10,10,10
dmb_st,after_group,dram,random,536870912,16,1000000,10,763.14,237.18,761.82,236.85,-2.09,-0.64,47.6963,47.6138,-0.1307,1.0624,0.9964,1.3268,2.0627,0.9199,1.0000,0,0,0,10,10,10,10
dmb_st,after_group,dram,random,536870912,32,1000000,10,867.11,269.52,867.84,269.73,0.46,0.11,27.0971,27.1200,0.0145,1.0312,0.5207,1.0778,2.0313,0.8691,1.0000,0,0,0,10,10,10,10
dmb_st,after_group,dram,random,536870912,64,1000000,10,1080.72,335.94,1163.68,361.73,83.24,25.86,16.8863,18.1825,1.3006,1.0156,0.2437,1.0234,2.0157,0.7871,1.0000,0,0,0,10,10,10,10
dmb_st,after_every,l1,random,2048,1,1000000,10,5.91,1.85,6.08,1.90,0.17,0.05,5.9109,6.0795,0.1736,0.0001,0.0000,0.0000,3.0000,0.0000,1.0000,0,0,0,10,10,10,10
dmb_st,after_every,l1,random,2048,2,1000000,10,8.19,2.56,12.09,3.76,3.90,1.21,4.0926,6.0427,1.9503,0.0000,0.0000,0.0000,2.5000,0.0000,1.0000,0,0,0,10,10,10,10
dmb_st,after_every,l1,random,2048,4,1000000,10,14.83,4.61,24.09,7.48,9.26,2.87,3.7078,6.0219,2.3147,0.0000,0.0000,0.0000,2.2500,0.0000,1.0000,0,0,0,10,10,10,10
dmb_st,after_every,l1,random,2048,8,1000000,10,28.70,8.92,48.08,14.93,19.38,6.01,3.5875,6.0098,2.4225,0.0000,0.0000,0.0000,2.1250,0.0000,1.0000,0,0,0,10,10,10,10
dmb_st,after_every,l1,random,2048,16,1000000,10,57.36,17.81,97.31,30.20,39.96,12.39,3.5850,6.0818,2.4977,0.0000,0.0000,0.0000,2.0625,0.0000,1.0000,0,0,0,10,10,10,10
dmb_st,after_every,l1,random,2048,32,1000000,10,113.10,35.09,194.57,60.37,81.47,25.28,3.5344,6.0803,2.5460,0.0000,0.0000,0.0000,2.0313,0.0000,1.0000,0,0,0,10,10,10,10
dmb_st,after_every,l1,random,2048,64,1000000,10,222.81,69.12,384.08,119.12,161.29,50.01,3.4814,6.0013,2.5202,0.0000,0.0000,0.0000,2.0156,0.0000,1.0000,0,0,0,10,10,10,10
dmb_st,after_every,l2,random,524288,1,1000000,10,25.03,7.78,25.16,7.83,0.15,0.03,25.0326,25.1646,0.1457,1.8871,0.4668,0.8642,3.0001,0.7439,1.0000,0,0,0,10,10,10,10
dmb_st,after_every,l2,random,524288,2,1000000,10,17.72,5.53,18.78,5.85,1.04,0.32,8.8597,9.3914,0.5190,1.3523,0.0857,0.1155,2.5002,0.4418,1.0000,0,0,0,10,10,10,10
dmb_st,after_every,l2,random,524288,4,1000000,10,25.28,7.86,31.69,9.85,6.64,2.07,6.3210,7.9213,1.6611,1.0761,0.0662,0.1306,2.2502,0.4007,1.0000,0,0,0,10,10,10,10
dmb_st,after_every,l2,random,524288,8,1000000,10,40.61,12.62,60.64,18.84,20.06,6.22,5.0760,7.5802,2.5078,0.9281,0.0752,0.1349,2.1250,0.3363,1.0000,0,0,0,10,10,10,10
dmb_st,after_every,l2,random,524288,16,1000000,10,70.80,21.99,106.47,33.06,35.69,11.08,4.4252,6.6542,2.2305,0.8550,0.0101,0.0521,2.0629,0.1793,1.0000,0,0,0,10,10,10,10
dmb_st,after_every,l2,random,524288,32,1000000,10,122.08,37.91,209.35,65.00,87.35,27.11,3.8151,6.5421,2.7297,0.8159,0.0035,0.0121,2.0317,0.0678,1.0000,0,0,0,10,10,10,10
dmb_st,after_every,l2,random,524288,64,1000000,10,240.81,74.75,435.09,135.07,194.19,60.23,3.7627,6.7983,3.0342,0.7972,0.0076,0.0183,2.0160,0.0839,1.0000,0,0,0,10,10,10,10
dmb_st,after_every,l3,random,8388608,1,1000000,10,23.90,7.44,24.85,7.76,1.03,0.32,23.9018,24.8511,1.0314,1.9923,0.9667,1.9239,3.0001,0.8051,1.0000,0,0,0,10,10,10,10
dmb_st,after_every,l3,random,8388608,2,1000000,10,26.19,8.15,32.10,9.99,5.88,1.83,13.0934,16.0493,2.9380,1.4894,0.5685,1.3993,2.5001,0.7136,1.0000,0,0,0,10,10,10,10
dmb_st,after_every,l3,random,8388608,4,1000000,10,33.23,10.35,54.73,17.01,21.45,6.65,8.3079,13.6821,5.3631,1.2378,0.4074,1.1286,2.2500,0.6008,1.0000,0,0,0,10,10,10,10
dmb_st,after_every,l3,random,8388608,8,1000000,10,60.03,18.68,105.94,32.93,45.81,14.22,7.5037,13.2422,5.7258,1.1113,0.4140,0.9938,2.1250,0.5629,1.0000,0,0,0,10,10,10,10
dmb_st,after_every,l3,random,8388608,16,1000000,10,119.67,37.17,207.00,64.29,87.48,27.16,7.4792,12.9378,5.4676,1.0480,0.4391,0.9161,2.0625,0.5599,1.0000,0,0,0,10,10,10,10
dmb_st,after_every,l3,random,8388608,32,1000000,10,219.29,68.12,387.67,120.41,168.37,52.27,6.8529,12.1148,5.2616,1.0164,0.3595,0.8653,2.0313,0.5316,1.0000,0,0,0,10,10,10,10
dmb_st,after_every,l3,random,8388608,64,1000000,10,360.98,112.10,770.44,239.16,409.46,127.07,5.6402,12.0381,6.3978,1.0002,0.3119,0.8268,2.0156,0.4368,1.0000,0,0,0,10,10,10,10
dmb_st,after_every,dram,random,536870912,1,1000000,10,307.50,95.60,308.81,96.01,-0.70,-0.24,307.4983,308.8083,-0.7000,2.0022,2.4122,5.8429,3.0009,0.9289,1.0000,0,0,0,10,10,10,10
dmb_st,after_every,dram,random,536870912,2,1000000,10,479.47,149.10,479.50,149.01,0.07,-0.05,239.7330,239.7497,0.0342,1.4999,1.6831,3.2469,2.5006,0.9617,1.0000,0,0,0,10,10,10,10
dmb_st,after_every,dram,random,536870912,4,1000000,10,624.32,194.15,626.72,194.84,3.60,1.10,156.0788,156.6791,0.8999,1.2505,1.3969,2.3099,2.2504,0.9655,1.0000,0,0,0,10,10,10,10
dmb_st,after_every,dram,random,536870912,8,1000000,10,733.90,228.16,737.85,229.35,3.86,1.19,91.7374,92.2317,0.4825,1.1255,1.3470,2.6166,2.1253,0.9436,1.0000,0,0,0,10,10,10,10
dmb_st,after_every,dram,random,536870912,16,1000000,10,758.73,235.82,876.84,272.49,119.16,37.03,47.4204,54.8028,7.4474,1.0623,0.9908,1.3187,2.0627,0.9194,1.0000,0,0,0,10,10,10,10
dmb_st,after_every,dram,random,536870912,32,1000000,10,863.95,268.44,1573.62,488.76,709.47,220.29,26.9985,49.1757,22.1709,1.0312,0.5121,1.0664,2.0313,0.8666,1.0000,0,0,0,10,10,10,10
dmb_st,after_every,dram,random,536870912,64,1000000,10,1086.53,337.69,2967.72,921.54,1881.13,583.85,16.9770,46.3706,29.3927,1.0156,0.2492,1.0300,2.0157,0.7858,1.0000,0,0,0,10,10,10,10
stlr,after_group,l1,random,2048,1,1000000,10,5.92,1.86,5.56,1.74,-0.35,-0.11,5.9241,5.5606,-0.3504,0.0000,0.0000,0.0000,3.0000,0.0000,1.0000,0,0,0,10,10,10,10
stlr,after_group,l1,random,2048,2,1000000,10,7.80,2.44,8.04,2.51,0.29,0.09,3.8989,4.0185,0.1447,0.0000,0.0000,0.0000,2.5000,0.0000,1.0000,0,0,0,10,10,10,10
stlr,after_group,l1,random,2048,4,1000000,10,14.24,4.44,14.42,4.49,0.17,0.05,3.5610,3.6054,0.0436,0.0000,0.0000,0.0000,2.2500,0.0000,1.0000,0,0,0,10,10,10,10
stlr,after_group,l1,random,2048,8,1000000,10,27.11,8.42,27.68,8.60,0.57,0.17,3.3884,3.4604,0.0711,0.0000,0.0000,0.0000,2.1250,0.0000,1.0000,0,0,0,10,10,10,10
stlr,after_group,l1,random,2048,16,1000000,10,52.77,16.38,52.93,16.43,0.19,0.06,3.2982,3.3084,0.0121,0.0000,0.0000,0.0000,2.0625,0.0000,1.0000,0,0,0,10,10,10,10
stlr,after_group,l1,random,2048,32,1000000,10,104.17,32.32,104.10,32.30,-0.03,-0.02,3.2552,3.2531,-0.0011,0.0000,0.0000,0.0000,2.0313,0.0000,1.0000,0,0,0,10,10,10,10
stlr,after_group,l1,random,2048,64,1000000,10,207.07,64.24,206.07,63.92,-1.00,-0.32,3.2354,3.2199,-0.0156,0.0000,0.0000,0.0000,2.0156,0.0000,1.0000,0,0,0,10,10,10,10
stlr,after_group,l2,random,524288,1,1000000,10,21.87,6.80,21.69,6.75,-0.22,-0.07,21.8665,21.6927,-0.2222,1.8873,0.3251,0.5180,3.0001,0.6890,1.0000,0,0,0,10,10,10,10
stlr,after_group,l2,random,524288,2,1000000,10,24.88,7.74,25.15,7.82,0.38,0.11,12.4384,12.5738,0.1904,1.3524,0.1386,0.3226,2.5000,0.6129,1.0000,0,0,0,10,10,10,10
stlr,after_group,l2,random,524288,4,1000000,10,24.13,7.51,24.30,7.58,0.13,0.04,6.0313,6.0757,0.0332,1.0760,0.0851,0.1369,2.2500,0.4901,1.0000,0,0,0,10,10,10,10
stlr,after_group,l2,random,524288,8,1000000,10,40.93,12.72,41.67,12.95,0.75,0.23,5.1159,5.2093,0.0940,0.9283,0.0335,0.1056,2.1252,0.3760,1.0000,0,0,0,10,10,10,10
stlr,after_group,l2,random,524288,16,1000000,10,67.00,20.81,68.80,21.37,1.82,0.57,4.1876,4.3003,0.1138,0.8549,0.0135,0.0534,2.0629,0.2331,1.0000,0,0,0,10,10,10,10
stlr,after_group,l2,random,524288,32,1000000,10,121.26,37.64,122.80,38.12,1.58,0.48,3.7894,3.8376,0.0493,0.8159,0.0078,0.0369,2.0317,0.1580,1.0000,0,0,0,10,10,10,10
stlr,after_group,l2,random,524288,64,1000000,10,219.98,68.31,220.75,68.52,0.90,0.25,3.4371,3.4493,0.0141,0.7971,0.0024,0.0093,2.0160,0.0618,1.0000,0,0,0,10,10,10,10
stlr,after_group,l3,random,8388608,1,1000000,10,25.15,7.83,25.16,7.83,0.06,0.02,25.1518,25.1639,0.0600,1.9924,0.9786,1.9311,3.0001,0.8097,1.0000,0,0,0,10,10,10,10
stlr,after_group,l3,random,8388608,2,1000000,10,27.08,8.43,27.72,8.62,0.69,0.21,13.5390,13.8620,0.3466,1.4894,0.6243,1.3983,2.5001,0.7553,1.0000,0,0,0,10,10,10,10
stlr,after_group,l3,random,8388608,4,1000000,10,33.34,10.37,33.62,10.46,0.34,0.10,8.3347,8.4060,0.0840,1.2378,0.4148,1.1304,2.2500,0.6726,1.0000,0,0,0,10,10,10,10
stlr,after_group,l3,random,8388608,8,1000000,10,58.04,18.05,61.38,19.11,3.48,1.08,7.2553,7.6730,0.4356,1.1113,0.4087,0.9933,2.1250,0.6201,1.0000,0,0,0,10,10,10,10
stlr,after_group,l3,random,8388608,16,1000000,10,119.10,36.99,122.52,38.06,3.25,1.04,7.4437,7.6574,0.2029,1.0480,0.4381,0.9153,2.0625,0.6538,1.0000,0,0,0,10,10,10,10
stlr,after_group,l3,random,8388608,32,1000000,10,214.39,66.58,217.20,67.44,2.78,0.88,6.6998,6.7876,0.0870,1.0163,0.3605,0.8654,2.0313,0.6355,1.0000,0,0,0,10,10,10,10
stlr,after_group,l3,random,8388608,64,1000000,10,351.27,109.05,354.49,110.05,3.00,0.95,5.4886,5.5389,0.0468,1.0002,0.3055,0.8269,2.0157,0.5598,1.0000,0,0,0,10,10,10,10
stlr,after_group,dram,random,536870912,1,1000000,10,301.69,93.77,302.25,93.93,-1.09,-0.33,301.6931,302.2459,-1.0948,1.9998,2.1833,3.9871,3.0007,0.9413,1.0000,0,0,0,10,10,10,10
stlr,after_group,dram,random,536870912,2,1000000,10,482.35,149.98,483.49,150.26,0.40,0.10,241.1763,241.7426,0.1996,1.5056,1.7643,3.8049,2.5006,0.9621,1.0000,0,0,0,10,10,10,10
stlr,after_group,dram,random,536870912,4,1000000,10,610.57,189.77,608.31,189.17,-1.00,-0.27,152.6436,152.0768,-0.2509,1.2499,1.3380,1.8291,2.2504,0.9718,1.0000,0,0,0,10,10,10,10
stlr,after_group,dram,random,536870912,8,1000000,10,693.82,215.70,701.63,218.11,7.23,2.22,86.7271,87.7040,0.9032,1.1254,1.2875,2.0872,2.1253,0.9540,1.0000,0,0,0,10,10,10,10
stlr,after_group,dram,random,536870912,16,1000000,10,759.64,236.11,762.67,237.07,2.61,0.84,47.4774,47.6668,0.1632,1.0624,0.9943,1.3087,2.0627,0.9342,1.0000,0,0,0,10,10,10,10
stlr,after_group,dram,random,536870912,32,1000000,10,855.85,265.95,858.60,266.84,2.51,0.76,26.7454,26.8311,0.0783,1.0311,0.5168,1.0728,2.0314,0.8962,1.0000,0,0,0,10,10,10,10
stlr,after_group,dram,random,536870912,64,1000000,10,1080.52,335.91,1097.02,341.10,16.77,5.20,16.8831,17.1409,0.2620,1.0156,0.2448,1.0249,2.0157,0.8315,1.0000,0,0,0,10,10,10,10
stlr,after_every,l1,random,2048,1,1000000,10,5.58,1.75,5.59,1.75,0.00,-0.00,5.5836,5.5911,0.0001,0.0000,0.0000,0.0000,3.0000,0.0000,1.0000,0,0,0,10,10,10,10
stlr,after_every,l1,random,2048,2,1000000,10,7.75,2.42,7.75,2.42,-0.01,-0.00,3.8756,3.8770,-0.0037,0.0000,0.0000,0.0000,2.5000,0.0000,1.0000,0,0,0,10,10,10,10
stlr,after_every,l1,random,2048,4,1000000,10,13.94,4.34,13.93,4.33,0.00,-0.00,3.4853,3.4827,0.0006,0.0000,0.0000,0.0000,2.2500,0.0000,1.0000,0,0,0,10,10,10,10
stlr,after_every,l1,random,2048,8,1000000,10,26.90,8.36,26.88,8.36,0.00,-0.01,3.3620,3.3600,0.0005,0.0000,0.0000,0.0000,2.1250,0.0000,1.0000,0,0,0,10,10,10,10
stlr,after_every,l1,random,2048,16,1000000,10,52.46,16.28,52.38,16.26,-0.06,-0.03,3.2786,3.2739,-0.0036,0.0000,0.0000,0.0000,2.0625,0.0000,1.0000,0,0,0,10,10,10,10
stlr,after_every,l1,random,2048,32,1000000,10,103.47,32.11,103.36,32.08,-0.11,-0.03,3.2335,3.2300,-0.0036,0.0000,0.0000,0.0000,2.0313,0.0000,1.0000,0,0,0,10,10,10,10
stlr,after_every,l1,random,2048,64,1000000,10,205.13,63.63,204.75,63.52,-0.38,-0.12,3.2052,3.1992,-0.0060,0.0000,0.0000,0.0000,2.0156,0.0000,1.0000,0,0,0,10,10,10,10
stlr,after_every,l2,random,524288,1,1000000,10,14.37,4.48,14.34,4.47,-0.08,-0.04,14.3714,14.3369,-0.0777,1.8877,0.1048,0.1214,3.0001,0.4546,1.0000,0,0,0,10,10,10,10
stlr,after_every,l2,random,524288,2,1000000,10,21.10,6.57,20.59,6.41,0.07,0.02,10.5494,10.2942,0.0364,1.3525,0.1116,0.1985,2.5000,0.5643,1.0000,0,0,0,10,10,10,10
stlr,after_every,l2,random,524288,4,1000000,10,28.64,8.90,28.73,8.93,0.11,0.03,7.1600,7.1815,0.0272,1.0762,0.0629,0.1945,2.2502,0.5140,1.0000,0,0,0,10,10,10,10
stlr,after_every,l2,random,524288,8,1000000,10,38.40,11.95,40.15,12.48,1.83,0.57,4.8002,5.0189,0.2281,0.9282,0.0394,0.0827,2.1252,0.3658,1.0000,0,0,0,10,10,10,10
stlr,after_every,l2,random,524288,16,1000000,10,63.92,19.86,64.38,20.00,0.42,0.13,3.9948,4.0237,0.0261,0.8549,0.0104,0.0366,2.0629,0.1885,1.0000,0,0,0,10,10,10,10
stlr,after_every,l2,random,524288,32,1000000,10,115.47,35.85,115.76,35.95,0.30,0.09,3.6083,3.6176,0.0093,0.8159,0.0044,0.0181,2.0317,0.1022,1.0000,0,0,0,10,10,10,10
stlr,after_every,l2,random,524288,64,1000000,10,221.36,68.73,221.11,68.65,-0.22,-0.08,3.4588,3.4548,-0.0035,0.7971,0.0023,0.0125,2.0160,0.0663,1.0000,0,0,0,10,10,10,10
stlr,after_every,l3,random,8388608,1,1000000,10,23.48,7.33,23.86,7.43,0.37,0.12,23.4847,23.8577,0.3740,1.9921,0.9674,1.9251,3.0001,0.8220,1.0000,0,0,0,10,10,10,10
stlr,after_every,l3,random,8388608,2,1000000,10,26.39,8.21,26.77,8.33,0.37,0.12,13.1964,13.3825,0.1861,1.4894,0.5758,1.3994,2.5001,0.7635,1.0000,0,0,0,10,10,10,10
stlr,after_every,l3,random,8388608,4,1000000,10,32.55,10.12,49.90,15.51,17.46,5.42,8.1364,12.4747,4.3650,1.2378,0.4038,1.1279,2.2501,0.6563,1.0000,0,0,0,10,10,10,10
stlr,after_every,l3,random,8388608,8,1000000,10,57.78,17.97,97.64,30.34,39.67,12.36,7.2228,12.2055,4.9586,1.1113,0.4073,0.9929,2.1250,0.6107,1.0000,0,0,0,10,10,10,10
stlr,after_every,l3,random,8388608,16,1000000,10,118.45,36.79,179.86,55.84,61.48,19.09,7.4029,11.2415,3.8422,1.0480,0.4368,0.9155,2.0625,0.6409,1.0000,0,0,0,10,10,10,10
stlr,after_every,l3,random,8388608,32,1000000,10,214.12,66.51,355.01,110.23,140.89,43.72,6.6912,11.0940,4.4027,1.0163,0.3618,0.8650,2.0314,0.6276,1.0000,0,0,0,10,10,10,10
stlr,after_every,l3,random,8388608,64,1000000,10,353.59,109.82,696.77,216.31,342.90,106.37,5.5248,10.8870,5.3579,1.0002,0.3083,0.8276,2.0157,0.5542,1.0000,0,0,0,10,10,10,10
stlr,after_every,dram,random,536870912,1,1000000,10,318.30,98.93,317.85,98.84,-0.12,0.05,318.2990,317.8504,-0.1195,1.9999,2.5029,6.8241,3.0008,0.9240,1.0000,0,0,0,10,10,10,10
stlr,after_every,dram,random,536870912,2,1000000,10,465.01,144.59,463.63,144.17,0.06,0.09,232.5034,231.8145,0.0323,1.4999,1.5538,2.2851,2.5006,0.9698,1.0000,0,0,0,10,10,10,10
stlr,after_every,dram,random,536870912,4,1000000,10,620.53,192.91,618.24,192.22,-1.07,-0.28,155.1327,154.5598,-0.2669,1.2526,1.3607,1.9353,2.2505,0.9710,1.0000,0,0,0,10,10,10,10
stlr,after_every,dram,random,536870912,8,1000000,10,693.78,215.63,694.42,215.87,0.49,0.19,86.7225,86.8024,0.0619,1.1255,1.2701,1.9565,2.1253,0.9540,1.0000,0,0,0,10,10,10,10
stlr,after_every,dram,random,536870912,16,1000000,10,758.88,235.84,759.10,235.96,-0.53,-0.18,47.4300,47.4440,-0.0331,1.0624,1.0222,1.5005,2.0627,0.9341,1.0000,0,0,0,10,10,10,10
stlr,after_every,dram,random,536870912,32,1000000,10,872.46,271.15,1099.26,341.56,226.93,70.48,27.2643,34.3517,7.0914,1.0311,0.5303,1.0787,2.0314,0.8961,1.0000,0,0,0,10,10,10,10
stlr,after_every,dram,random,536870912,64,1000000,10,1083.46,336.72,2486.86,772.41,1403.78,435.72,16.9291,38.8572,21.9341,1.0156,0.2490,1.0286,2.0157,0.8320,1.0000,0,0,0,10,10,10,10
